$MeshFormat
4.1 0 8
$EndMeshFormat
$PhysicalNames
3
2 2 "COLD_HEAD"
2 3 "RADIATION"
3 1 "COPPER"
$EndPhysicalNames
$Entities
30 45 19 1
1 -7.34788079488412e-15 6 60 0 
2 -7.34788079488412e-15 11 60 0 
3 -20 6 52.3606797749979 0 
4 -20 -6 52.3606797749979 0 
5 -7.34788079488412e-15 -6 60 0 
6 -7.34788079488412e-15 -11 60 0 
7 20 -6 52.3606797749979 0 
8 20 6 52.3606797749979 0 
9 20 6 62 0 
10 -20 6 62 0 
11 -20 11 62 0 
12 -20 11 71 0 
13 -20 20 71 0 
14 -20 20 87 0 
15 -20 -20 87 0 
16 -20 -20 71 0 
17 -20 -6 71 0 
18 20 -6 71 0 
19 -3.061616997868382e-15 -11 42.5 0 
20 20 11 62 0 
21 20 11 71 0 
22 20 20 71 0 
23 20 20 87 0 
24 20 -20 87 0 
25 20 -20 71 0 
26 -3.061616997868382e-15 11 42.5 0 
27 10 -2.449293598294707e-15 87 0 
28 10 -2.449293598294707e-15 516.5 0 
29 20 -4.898587196589413e-15 516.5 0 
30 20 -4.898587196589413e-15 527 0 
1 -1.000000073478808e-07 5.9999999 59.9999999 9.99999926521192e-08 11.0000001 60.0000001 0 2 1 -2 
2 -20.00000009999999 5.9999999 52.3606796749979 9.999999228682555e-08 6.0000001 60.0000001 0 2 3 -1 
3 -20.0000001 -6.0000001 52.3606796749979 -19.9999999 6.0000001 52.3606798749979 0 2 4 -3 
4 -20.00000009999999 -6.0000001 52.3606796749979 9.999999228682555e-08 -5.9999999 60.0000001 0 2 4 -5 
5 -1.000000073478808e-07 -11.0000001 59.9999999 9.99999926521192e-08 -5.9999999 60.0000001 0 2 6 -5 
6 -30.0000001 -11.0000001 -1.000000011686097e-07 30.0000001 -10.9999999 60.0000001 0 2 6 -6 
7 -9.99999993922529e-08 -6.0000001 52.3606796749979 20.0000001 -5.9999999 60.0000001 0 2 5 -7 
8 19.9999999 -6.0000001 52.3606796749979 20.0000001 6.0000001 52.3606798749979 0 2 7 -8 
9 -9.99999993922529e-08 5.9999999 52.3606796749979 20.0000001 6.0000001 60.0000001 0 2 1 -8 
10 -30.0000001 10.9999999 -1.000000011686097e-07 30.0000001 11.0000001 60.0000001 0 2 2 -2 
11 19.9999999 5.9999999 52.3606796749979 20.0000001 6.0000001 62.0000001 0 2 8 -9 
12 -20.00000015 5.99999985 61.99999985 20.00000015 6.00000015 62.00000015 0 2 10 -9 
13 -20.0000001 5.9999999 52.3606796749979 -19.9999999 6.0000001 62.0000001 0 2 3 -10 
14 -20.0000001 5.9999999 61.9999999 -19.9999999 11.0000001 62.0000001 0 2 10 -11 
15 -20.0000001 10.9999999 61.9999999 -19.9999999 11.0000001 71.00000009999999 0 2 11 -12 
16 -20.0000001 10.9999999 70.99999990000001 -19.9999999 20.0000001 71.00000009999999 0 2 12 -13 
17 -20.0000001 19.9999999 70.99999990000001 -19.9999999 20.0000001 87.00000009999999 0 2 13 -14 
18 -20.0000001 -20.0000001 86.99999990000001 -19.9999999 20.0000001 87.00000009999999 0 2 15 -14 
19 -20.0000001 -20.0000001 70.99999990000001 -19.9999999 -19.9999999 87.00000009999999 0 2 16 -15 
20 -20.0000001 -20.0000001 70.99999990000001 -19.9999999 -5.9999999 71.00000009999999 0 2 16 -17 
21 -20.0000001 -6.0000001 52.3606796749979 -19.9999999 -5.9999999 71.00000009999999 0 2 4 -17 
22 19.9999999 -6.0000001 52.3606796749979 20.0000001 -5.9999999 71.00000009999999 0 2 7 -18 
23 -20.0000001 -6.0000001 70.99999990000001 20.0000001 -5.9999999 71.00000009999999 0 2 17 -18 
24 -12.5000001 -11.0000001 17.4999999 12.5000001 -10.9999999 42.5000001 0 2 19 -19 
25 19.9999999 5.9999999 61.9999999 20.0000001 11.0000001 62.0000001 0 2 9 -20 
26 19.9999999 10.9999999 61.9999999 20.0000001 11.0000001 71.00000009999999 0 2 20 -21 
27 19.9999999 10.9999999 70.99999990000001 20.0000001 20.0000001 71.00000009999999 0 2 21 -22 
28 19.9999999 19.9999999 70.99999990000001 20.0000001 20.0000001 87.00000009999999 0 2 22 -23 
29 19.9999999 -20.0000001 86.99999990000001 20.0000001 20.0000001 87.00000009999999 0 2 24 -23 
30 19.9999999 -20.0000001 70.99999990000001 20.0000001 -19.9999999 87.00000009999999 0 2 25 -24 
31 19.9999999 -20.0000001 70.99999990000001 20.0000001 -5.9999999 71.00000009999999 0 2 25 -18 
32 -12.5000001 10.9999999 17.4999999 12.5000001 11.0000001 42.5000001 0 2 26 -26 
33 -20.0000001 10.9999999 61.9999999 20.0000001 11.0000001 62.0000001 0 2 11 -20 
34 -1.00000003061617e-07 -11.0000001 42.4999999 9.9999996938383e-08 11.0000001 42.5000001 0 2 19 -26 
35 -20.0000001 10.9999999 70.99999990000001 20.0000001 11.0000001 71.00000009999999 0 2 12 -21 
36 -20.0000001 19.9999999 70.99999990000001 20.0000001 20.0000001 71.00000009999999 0 2 13 -22 
37 -20.0000001 -20.0000001 70.99999990000001 20.0000001 -19.9999999 71.00000009999999 0 2 16 -25 
38 -20.0000001 -20.0000001 86.99999990000001 20.0000001 -19.9999999 87.00000009999999 0 2 15 -24 
39 -20.0000001 19.9999999 86.99999990000001 20.0000001 20.0000001 87.00000009999999 0 2 14 -23 
40 -10.0000001 -10.0000001 86.99999990000001 10.0000001 10.0000001 87.00000009999999 0 2 27 -27 
41 -10.0000001 -10.0000001 516.4999999 10.0000001 10.0000001 516.5000001 0 2 28 -28 
42 9.999999900000001 -1.000000024492936e-07 86.99999990000001 10.0000001 9.99999975507064e-08 516.5000001 0 2 27 -28 
43 -20.0000001 -20.0000001 516.4999999 20.0000001 20.0000001 516.5000001 0 2 29 -29 
44 -20.0000001 -20.0000001 526.9999999 20.0000001 20.0000001 527.0000001 0 2 30 -30 
45 19.9999999 -1.000000048985872e-07 516.4999999 20.0000001 9.99999951014128e-08 527.0000001 0 2 29 -30 
1 -30.0000001 -11.0000001 -1.000000011686097e-07 30.0000001 11.0000001 60.0000001 1 3 12 1 -10 -1 9 -8 -7 -5 6 5 -4 3 2 
2 -20.00000015 5.99999985 52.3606796249979 20.00000015 6.00000015 62.00000015 1 3 5 -11 -9 -2 13 12 
3 -20.0000001 -20.0000001 52.3606796749979 -19.9999999 20.0000001 87.00000009999999 1 3 10 13 14 15 16 17 -18 -19 20 -21 3 
4 -20.0000001 -6.0000001 52.3606796749979 20.0000001 -5.9999999 71.00000009999999 1 3 5 -22 -7 -4 21 23 
5 -30.0000001 -11.0000001 -1.000000011686097e-07 30.0000001 -10.9999999 60.0000001 1 3 2 6 -24 
6 19.9999999 -20.0000001 52.3606796749979 20.0000001 20.0000001 87.00000009999999 1 3 10 11 25 26 27 28 -29 -30 31 -22 8 
7 -30.0000001 10.9999999 -1.000000011686097e-07 30.0000001 11.0000001 60.0000001 1 3 2 10 -32 
8 -20.00000015 5.99999985 61.99999985 20.00000015 11.00000015 62.00000015 1 3 4 -14 12 25 -33 
9 -12.5000001 -11.0000001 17.4999999 12.5000001 11.0000001 42.5000001 1 3 4 -32 -34 24 34 
10 -20.0000001 10.9999999 61.9999999 20.0000001 11.0000001 71.00000009999999 1 3 4 -33 15 35 -26 
11 -20.0000001 10.9999999 70.99999990000001 20.0000001 20.0000001 71.00000009999999 1 3 4 -16 35 27 -36 
12 -20.0000001 -20.0000001 70.99999990000001 20.0000001 -5.9999999 71.00000009999999 1 3 4 -20 37 31 -23 
13 -20.0000001 -20.0000001 70.99999990000001 20.0000001 -19.9999999 87.00000009999999 1 3 4 -37 19 38 -30 
14 -20.0000001 -20.0000001 86.99999990000001 20.0000001 20.0000001 87.00000009999999 1 3 5 -18 38 29 -39 -40 
15 -20.0000001 19.9999999 70.99999990000001 20.0000001 20.0000001 87.00000009999999 1 3 4 -36 17 39 -28 
16 -10.0000001 -10.0000001 86.99999990000001 10.0000001 10.0000001 516.5000001 1 3 4 -41 -42 40 42 
17 -20.0000001 -20.0000001 516.4999999 20.0000001 20.0000001 516.5000001 1 3 2 43 -41 
18 -20.0000001 -20.0000001 516.4999999 20.0000001 20.0000001 527.0000001 1 3 4 -44 -45 43 45 
19 -20.0000001 -20.0000001 526.9999999 20.0000001 20.0000001 527.0000001 1 2 1 44 
1 -30.00000015 -20.00000015 -1.500000053056283e-07 30.00000015 20.00000015 527.00000015 1 1 19 1 2 -3 -4 -5 6 7 -8 -9 10 -11 -12 -13 14 15 16 -17 18 19 
$EndEntities
$Nodes
91 1111 1 1111
0 1 0 1
1
-7.34788079488412e-15 6 60
0 2 0 1
2
-7.34788079488412e-15 11 60
0 3 0 1
3
-20 6 52.3606797749979
0 4 0 1
4
-20 -6 52.3606797749979
0 5 0 1
5
-7.34788079488412e-15 -6 60
0 6 0 1
6
-7.34788079488412e-15 -11 60
0 7 0 1
7
20 -6 52.3606797749979
0 8 0 1
8
20 6 52.3606797749979
0 9 0 1
9
20 6 62
0 10 0 1
10
-20 6 62
0 11 0 1
11
-20 11 62
0 12 0 1
12
-20 11 71
0 13 0 1
13
-20 20 71
0 14 0 1
14
-20 20 87
0 15 0 1
15
-20 -20 87
0 16 0 1
16
-20 -20 71
0 17 0 1
17
-20 -6 71
0 18 0 1
18
20 -6 71
0 19 0 1
19
-3.061616997868382e-15 -11 42.5
0 20 0 1
20
20 11 62
0 21 0 1
21
20 11 71
0 22 0 1
22
20 20 71
0 23 0 1
23
20 20 87
0 24 0 1
24
20 -20 87
0 25 0 1
25
20 -20 71
0 26 0 1
26
-3.061616997868382e-15 11 42.5
0 27 0 1
27
10 -2.449293598294707e-15 87
0 28 0 1
28
10 -2.449293598294707e-15 516.5
0 29 0 1
29
20 -4.898587196589413e-15 516.5
0 30 0 1
30
20 -4.898587196589413e-15 527
1 2 0 2
31
32
-14.02565037858074 6 56.51944817408194
-7.225529557670551 6 59.11686320006379
1 3 0 1
33
-20 0 52.3606797749979
1 4 0 2
34
35
-14.02565037858074 -6 56.51944817408194
-7.225529557670551 -6 59.11686320006379
1 6 0 23
36
37
38
39
40
41
42
43
44
45
46
47
48
49
50
51
52
53
54
55
56
57
58
7.764571353075611 -11 58.97777478867205
14.99999999999998 -11 55.98076211353317
21.2132034355964 -11 51.21320343559645
25.98076211353314 -11 45.00000000000004
28.97777478867204 -11 37.76457135307567
30 -11 30.00000000000006
28.97777478867206 -11 22.23542864692444
25.9807621135332 -11 15.00000000000006
21.21320343559649 -11 8.786796564403645
15.00000000000011 -11 4.019237886466904
7.764571353075786 -11 1.022225211327992
2.035140848299702e-13 -11 0
-7.764571353075392 -11 1.022225211327889
-14.99999999999976 -11 4.019237886466701
-21.21320343559622 -11 8.786796564403364
-25.98076211353299 -11 14.99999999999971
-28.97777478867197 -11 22.23542864692407
-30 -11 29.99999999999973
-28.9777747886721 -11 37.76457135307543
-25.98076211353325 -11 44.99999999999984
-21.21320343559652 -11 51.21320343559633
-15.00000000000008 -11 55.98076211353311
-7.764571353075647 -11 58.97777478867204
1 7 0 2
59
60
7.225529557670566 -6 59.11686320006379
14.02565037858075 -6 56.51944817408194
1 8 0 1
61
20 0 52.3606797749979
1 9 0 2
62
63
7.225529557670566 6 59.11686320006379
14.02565037858075 6 56.51944817408194
1 10 0 23
64
65
66
67
68
69
70
71
72
73
74
75
76
77
78
79
80
81
82
83
84
85
86
7.764571353075611 11 58.97777478867205
14.99999999999998 11 55.98076211353317
21.2132034355964 11 51.21320343559645
25.98076211353314 11 45.00000000000004
28.97777478867204 11 37.76457135307567
30 11 30.00000000000006
28.97777478867206 11 22.23542864692444
25.9807621135332 11 15.00000000000006
21.21320343559649 11 8.786796564403645
15.00000000000011 11 4.019237886466904
7.764571353075786 11 1.022225211327992
2.035140848299702e-13 11 0
-7.764571353075392 11 1.022225211327889
-14.99999999999976 11 4.019237886466701
-21.21320343559622 11 8.786796564403364
-25.98076211353299 11 14.99999999999971
-28.97777478867197 11 22.23542864692407
-30 11 29.99999999999973
-28.9777747886721 11 37.76457135307543
-25.98076211353325 11 44.99999999999984
-21.21320343559652 11 51.21320343559633
-15.00000000000008 11 55.98076211353311
-7.764571353075647 11 58.97777478867204
1 11 0 1
87
20 6 57.18033988749895
1 12 0 4
88
89
90
91
-12 6 62
-4 6 62
4 6 62
12 6 62
1 13 0 1
92
-20 6 57.18033988749895
1 15 0 1
93
-20 11 66.5
1 16 0 1
94
-20 15.5 71
1 17 0 1
95
-20 20 79
1 18 0 4
96
97
98
99
-20 -12 87
-20 -4 87
-20 4 87
-20 12 87
1 19 0 1
100
-20 -20 79
1 20 0 1
101
-20 -13 71
1 21 0 2
102
103
-20 -6 58.57378651666527
-20 -6 64.78689325833264
1 22 0 2
104
105
20 -6 58.57378651666527
20 -6 64.78689325833264
1 23 0 4
106
107
108
109
-12 -6 71
-4 -6 71
4 -6 71
12 -6 71
1 24 0 9
110
111
112
113
114
115
116
117
118
7.34731565365591 -11 40.11271242968684
11.88820645368942 -11 33.86271242968685
11.88820645368942 -11 26.13728757031317
7.347315653655924 -11 19.88728757031316
2.373526899143732e-14 -11 17.5
-7.347315653655881 -11 19.88728757031313
-11.8882064536894 -11 26.1372875703131
-11.88820645368944 -11 33.86271242968677
-7.347315653655944 -11 40.11271242968682
1 26 0 1
119
20 11 66.5
1 27 0 1
120
20 15.5 71
1 28 0 1
121
20 20 79
1 29 0 4
122
123
124
125
20 -12 87
20 -4 87
20 4 87
20 12 87
1 30 0 1
126
20 -20 79
1 31 0 1
127
20 -13 71
1 32 0 9
128
129
130
131
132
133
134
135
136
7.34731565365591 11 40.11271242968684
11.88820645368942 11 33.86271242968685
11.88820645368942 11 26.13728757031317
7.347315653655924 11 19.88728757031316
2.373526899143732e-14 11 17.5
-7.347315653655881 11 19.88728757031313
-11.8882064536894 11 26.1372875703131
-11.88820645368944 11 33.86271242968677
-7.347315653655944 11 40.11271242968682
1 33 0 4
137
138
139
140
-12 11 62
-4 11 62
4 11 62
12 11 62
1 34 0 2
141
142
-3.061616997868382e-15 -3.666666666666668 42.5
-3.061616997868382e-15 3.666666666666664 42.5
1 35 0 4
143
144
145
146
-12 11 71
-4 11 71
4 11 71
12 11 71
1 36 0 4
147
148
149
150
-12 20 71
-4 20 71
4 20 71
12 20 71
1 37 0 4
151
152
153
154
-12 -20 71
-4 -20 71
4 -20 71
12 -20 71
1 38 0 4
155
156
157
158
-12 -20 87
-4 -20 87
4 -20 87
12 -20 87
1 39 0 4
159
160
161
162
-12 20 87
-4 20 87
4 20 87
12 20 87
1 40 0 7
163
164
165
166
167
168
169
7.071067811865488 7.071067811865462 87
3.391901413832837e-14 10 87
-7.071067811865434 7.071067811865516 87
-10 7.227892037515737e-14 87
-7.07106781186552 -7.07106781186543 87
-4.624589118372729e-14 -10 87
7.071067811865461 -7.071067811865489 87
1 41 0 7
170
171
172
173
174
175
176
7.071067811865488 7.071067811865462 516.5
3.391901413832837e-14 10 516.5
-7.071067811865434 7.071067811865516 516.5
-10 7.227892037515737e-14 516.5
-7.07106781186552 -7.07106781186543 516.5
-4.624589118372729e-14 -10 516.5
7.071067811865461 -7.071067811865489 516.5
1 42 0 53
177
178
179
180
181
182
183
184
185
186
187
188
189
190
191
192
193
194
195
196
197
198
199
200
201
202
203
204
205
206
207
208
209
210
211
212
213
214
215
216
217
218
219
220
221
222
223
224
225
226
227
228
229
10 -2.449293598294707e-15 94.9537037037037
10 -2.449293598294707e-15 102.9074074074074
10 -2.449293598294707e-15 110.8611111111111
10 -2.449293598294707e-15 118.8148148148148
10 -2.449293598294707e-15 126.7685185185185
10 -2.449293598294707e-15 134.7222222222222
10 -2.449293598294707e-15 142.6759259259259
10 -2.449293598294707e-15 150.6296296296296
10 -2.449293598294707e-15 158.5833333333333
10 -2.449293598294707e-15 166.537037037037
10 -2.449293598294707e-15 174.4907407407407
10 -2.449293598294707e-15 182.4444444444445
10 -2.449293598294707e-15 190.3981481481482
10 -2.449293598294707e-15 198.3518518518518
10 -2.449293598294707e-15 206.3055555555555
10 -2.449293598294707e-15 214.2592592592592
10 -2.449293598294707e-15 222.212962962963
10 -2.449293598294707e-15 230.1666666666667
10 -2.449293598294707e-15 238.1203703703704
10 -2.449293598294707e-15 246.0740740740741
10 -2.449293598294707e-15 254.0277777777778
10 -2.449293598294707e-15 261.9814814814815
10 -2.449293598294707e-15 269.9351851851852
10 -2.449293598294707e-15 277.8888888888889
10 -2.449293598294707e-15 285.8425925925926
10 -2.449293598294707e-15 293.7962962962963
10 -2.449293598294707e-15 301.75
10 -2.449293598294707e-15 309.7037037037037
10 -2.449293598294707e-15 317.6574074074074
10 -2.449293598294707e-15 325.6111111111111
10 -2.449293598294707e-15 333.5648148148148
10 -2.449293598294707e-15 341.5185185185185
10 -2.449293598294707e-15 349.4722222222222
10 -2.449293598294707e-15 357.4259259259259
10 -2.449293598294707e-15 365.3796296296296
10 -2.449293598294707e-15 373.3333333333333
10 -2.449293598294707e-15 381.287037037037
10 -2.449293598294707e-15 389.2407407407407
10 -2.449293598294707e-15 397.1944444444444
10 -2.449293598294707e-15 405.1481481481482
10 -2.449293598294707e-15 413.1018518518518
10 -2.449293598294707e-15 421.0555555555555
10 -2.449293598294707e-15 429.0092592592592
10 -2.449293598294707e-15 436.9629629629629
10 -2.449293598294707e-15 444.9166666666666
10 -2.449293598294707e-15 452.8703703703703
10 -2.449293598294707e-15 460.8240740740741
10 -2.449293598294707e-15 468.7777777777778
10 -2.449293598294707e-15 476.7314814814815
10 -2.449293598294707e-15 484.6851851851852
10 -2.449293598294707e-15 492.6388888888889
10 -2.449293598294707e-15 500.5925925925926
10 -2.449293598294707e-15 508.5462962962962
1 43 0 15
230
231
232
233
234
235
236
237
238
239
240
241
242
243
244
18.47759065022574 7.653668647301776 516.5
14.14213562373098 14.14213562373092 516.5
7.653668647301846 18.47759065022571 516.5
6.783802827665674e-14 20 516.5
-7.653668647301703 18.47759065022577 516.5
-14.14213562373087 14.14213562373103 516.5
-18.47759065022569 7.653668647301912 516.5
-20 1.445578407503147e-13 516.5
-18.4775906502258 -7.653668647301645 516.5
-14.14213562373104 -14.14213562373086 516.5
-7.653668647301889 -18.4775906502257 516.5
-9.249178236745458e-14 -20 516.5
7.653668647301718 -18.47759065022577 516.5
14.14213562373092 -14.14213562373098 516.5
18.47759065022573 -7.653668647301808 516.5
1 44 0 15
245
246
247
248
249
250
251
252
253
254
255
256
257
258
259
18.47759065022574 7.653668647301776 527
14.14213562373098 14.14213562373092 527
7.653668647301846 18.47759065022571 527
6.783802827665674e-14 20 527
-7.653668647301703 18.47759065022577 527
-14.14213562373087 14.14213562373103 527
-18.47759065022569 7.653668647301912 527
-20 1.445578407503147e-13 527
-18.4775906502258 -7.653668647301645 527
-14.14213562373104 -14.14213562373086 527
-7.653668647301889 -18.4775906502257 527
-9.249178236745458e-14 -20 527
7.653668647301718 -18.47759065022577 527
14.14213562373092 -14.14213562373098 527
18.47759065022573 -7.653668647301808 527
1 45 0 1
260
20 -4.898587196589413e-15 521.75
2 1 0 67
261
262
263
264
265
266
267
268
269
270
271
272
273
274
275
276
277
278
279
280
281
282
283
284
285
286
287
288
289
290
291
292
293
294
295
296
297
298
299
300
301
302
303
304
305
306
307
308
309
310
311
312
313
314
315
316
317
318
319
320
321
322
323
324
325
326
327
-18.28928189964024 -4.247490179834243 6.219710523303299
11.48050297095283 -4.222517934178255 2.283614024661453
-3.915785766601328 -4.222517934178255 0.2566541587856577
23.80060020873711 -4.222517934178248 11.73715712973845
-27.71638597533847 4.222517934178233 18.519497029047
29.74334530257006 -4.239055630434621 26.08421014199136
27.71638597533858 4.22251793417823 41.48050297095275
-27.85888007726344 4.390577537022512 41.13026508402447
-24.78153106541926 -3.058419674760707 46.90785965323997
24.7928281416466 -3.065940451700529 46.89128984828501
3.915785766601732 4.222517934178251 0.256654158785711
-11.48050297095246 4.222517934178251 2.283614024661297
18.26284287026171 4.222517934178249 6.199399791263016
27.71638597533863 4.222517934178233 18.51949702904737
-29.74767920181932 -4.247490179834172 26.1172713067166
27.71638597533858 -4.22251793417823 41.48050297095274
-27.71638597533867 -4.222517934178203 41.48050297095253
23.56426929988362 2.998572604578461 48.56677711296612
-23.29979042530055 2.698802928575583 48.89761270999786
-27.73007699161359 -4.134199024849864 18.55260597169894
-23.72047725340805 -4.228204014023365 11.63321043648206
-21.2132034355962 2.554964131643519 8.786796564403343
-29.74351512801941 -4.259123037451062 33.91449969080093
-29.99999989842216 1.630568342050896 30.00246873866087
29.7433458412143 4.222517934178219 33.9157857666016
18.26284287026171 -4.222517934178253 6.199399791263016
23.80060267628412 4.239085353272319 11.73716034550877
-3.915785766601342 4.222517934178246 0.2566541587856612
-11.51419744544409 -4.133402851651505 2.297594740035137
29.74268996848718 -4.273422559498312 33.92076439466236
3.915785766601719 -4.222517934178257 0.2566541587857074
29.74334584121432 4.22251793417823 26.08421423339852
11.48050297095282 4.222517934178244 2.28361402466145
27.71363327876297 -4.293727420997572 18.51285368378023
3.915785766601538 -8.922033048208014 59.74334584121431
3.915785766601537 8.922033048208011 59.74334584121431
-3.915785766601551 -8.922033048208034 59.74334584121431
-3.915785766601551 8.922033048208032 59.74334584121431
10.70644898599238 -8.125331617574275 58.02448840051041
10.7046626931927 8.113161241056392 58.02517076888147
-10.70466269319271 8.113161241056428 58.02517076888147
-10.70466269319271 -8.113161241056398 58.02517076888147
-25.82526045824639 1.128517332338358 45.26616920722863
-24.79620974071758 5.192295951835696 13.1136746894316
-16.4465937334256 1.585186113985339 4.909971013017028
-29.37082759318742 1.585186113986795 23.88816831945935
-29.37082759318593 1.585186113989026 36.11183168054781
23.60072287417134 7.099310184255184 48.52041791689825
-23.43203766253497 7.072316579348811 48.73338226219555
26.76164675648378 -0.1307143065897769 43.5578118765965
-22.93081802457034 -7.37241203033741 49.34367040465795
22.93081802456922 -7.372412030338214 49.34367040465929
2.035140848299702e-13 -0.007807226758984598 0
-7.764571353075404 -0.007807226759011243 1.022225211327893
15.00000000000009 0.006853107424703353 4.019237886466893
7.764571353075772 0.007807226758897556 1.022225211327992
21.21289620931319 0.003628332316360172 8.786489342569762
25.98216654060494 -1.77635683940025e-15 15.00243280207522
28.9778419662518 -0.0007612567712023122 22.23567936140347
28.97850170554078 3.552713678800501e-15 37.76185795425103
29.99999997615185 -0.001157942523574818 29.99880380234835
-29.74334584121434 6.855912541341585 33.91578576660132
-17.4995472303169 6.482286429563693 5.632688972028362
-25.49238205492446 0.2839499211309189 14.18423390518925
-29.74361563506773 6.84729599225069 26.08626406698735
-25.63869167603389 5.849936374255559 45.57746735324041
25.59103443401809 5.829750416542751 45.65563657590774
2 2 0 2
328
329
16.50641259464518 6 59.42494701539522
-16.50641259464519 6 59.42494701539522
2 3 0 22
330
331
332
333
334
335
336
337
338
339
340
341
342
343
344
345
346
347
348
349
350
351
-20 6.828836363881566 68.60991438507878
-20 6.883920977130272 73.51884434313794
-20 -0.03834965006949442 80.34320212579516
-20 11.24488137583833 75.91343573949231
-20 2.51898678907158 70.58642989382068
-20 -9.50493601896622 76.36703797077584
-20 1.871258040234077 59.63276154119441
-20 2.992261988216576 65.19135897394025
-20 6.069993540000441 79.01506625904146
-20 -1.689697917442194 67.70226044077195
-20 -2.207281368157801 62.00735371665257
-20 -3.395833911623864 76.29696172766243
-20 1.766093805120903 75.40033852522387
-20 -6.741089167274317 81.44963833474938
-20 11.96331404080114 81.49444405549382
-20 15.74163908332789 75.68157595899723
-20 -15.06562061343071 75.88321440684035
-20 7.626841959111559 65.10837290160353
-20 -13.88527429994521 81.11664845206093
-20 2.407749112504501 55.73142205569034
-20 -1.654712369236537 56.7777805633664
-20 -1.360090246974715 72.19719811749579
2 4 0 7
352
353
354
355
356
357
358
-12.72643987307745 -6 63.31825214349867
12.72643987307747 -6 63.31825214349867
6.503610246921042 -6 65.28166511722235
-6.503610246921033 -6 65.28166511722233
0 -6 66.43112509842716
-16.12972140590669 -6 67.63118928723168
16.12972140590669 -6 67.63118928723168
2 5 0 40
359
360
361
362
363
364
365
366
367
368
369
370
371
372
373
374
375
376
377
378
379
380
381
382
383
384
385
386
387
388
389
390
391
392
393
394
395
396
397
398
15.16533126106483 -11 19.27830313765367
15.16533126106481 -11 40.72169686234636
-15.16533126106476 -11 19.27830313765357
-15.16533126106487 -11 40.72169686234627
-5.686527478868049 -11 12.19003297651173
5.710052542190763 -11 12.1699825176651
5.686527478868154 -11 47.80996702348826
-5.710052542190735 -11 47.83001748233492
18.57862063693485 -11 30.00000000000001
-18.57862063693484 -11 29.9999999999999
-13.5930460237005 -11 12.09676865983785
13.59304602370064 -11 47.90323134016207
13.5954465403663 -11 12.09472269464956
-13.59544654036629 -11 47.90527730535044
21.94488190351689 -11 20.42552770303266
21.93792770521658 -11 39.56831213034925
-21.94488190351693 -11 39.57447229696724
-21.9379277052165 -11 20.43168786965058
-3.188204783270726 -11 6.063610112329975
3.188204783270896 -11 53.93638988767005
3.291113854933209 -11 6.237458668978885
-3.291113854933107 -11 53.76254133102115
-23.55053774132564 -11 33.29550132353931
-23.40131345895484 -11 26.72377920845555
23.55053774132563 -11 26.70449867646057
23.40131345895486 -11 33.27622079154428
9.359257364258244 -11 7.147320227486389
-9.352550020877572 -11 7.139419762439715
9.352550020877745 -11 52.86058023756021
-9.359257364258191 -11 52.85267977251367
-19.57805410782219 -11 15.11871124630902
19.57992505081554 -11 15.11707001994792
19.57805410782231 -11 44.88128875369083
-19.57992505081558 -11 44.88292998005202
-1.598721155460225e-14 -11 48.99196813252235
3.730349362740526e-14 -11 11.00803186747773
-17.57940368561798 -11 24.41497883570169
17.57940368561799 -11 35.58502116429819
-17.58753459360797 -11 35.58634564881564
17.58753459360794 -11 24.41365435118428
2 6 0 22
399
400
401
402
403
404
405
406
407
408
409
410
411
412
413
414
415
416
417
418
419
420
20 6.828836363881566 68.60991438507878
20 6.883920977130272 73.51884434313794
20 -0.03834965006949442 80.34320212579516
20 11.24488137583833 75.91343573949231
20 2.51898678907158 70.58642989382068
20 -9.50493601896622 76.36703797077584
20 1.871258040234077 59.63276154119441
20 2.992261988216576 65.19135897394025
20 6.069993540000441 79.01506625904146
20 -1.689697917442194 67.70226044077195
20 -2.207281368157801 62.00735371665257
20 -3.395833911623864 76.29696172766243
20 1.766093805120903 75.40033852522387
20 -6.741089167274317 81.44963833474938
20 11.96331404080114 81.49444405549382
20 15.74163908332789 75.68157595899723
20 -15.06562061343071 75.88321440684035
20 7.626841959111559 65.10837290160353
20 -13.88527429994521 81.11664845206093
20 2.407749112504501 55.73142205569034
20 -1.654712369236537 56.7777805633664
20 -1.360090246974715 72.19719811749579
2 7 0 40
421
422
423
424
425
426
427
428
429
430
431
432
433
434
435
436
437
438
439
440
441
442
443
444
445
446
447
448
449
450
451
452
453
454
455
456
457
458
459
460
15.16533126106483 11 19.27830313765367
15.16533126106481 11 40.72169686234636
-15.16533126106476 11 19.27830313765357
-15.16533126106487 11 40.72169686234627
-5.686527478868049 11 12.19003297651173
5.710052542190763 11 12.1699825176651
5.686527478868154 11 47.80996702348826
-5.710052542190734 11 47.83001748233492
18.57862063693485 11 30.00000000000001
-18.57862063693484 11 29.9999999999999
-13.5930460237005 11 12.09676865983785
13.59304602370064 11 47.90323134016207
13.5954465403663 11 12.09472269464956
-13.59544654036629 11 47.90527730535044
21.94488190351689 11 20.42552770303266
21.93792770521658 11 39.56831213034925
-21.94488190351693 11 39.57447229696724
-21.9379277052165 11 20.43168786965058
-3.188204783270726 11 6.063610112329975
3.188204783270896 11 53.93638988767005
3.291113854933209 11 6.237458668978885
-3.291113854933107 11 53.76254133102115
-23.55053774132564 11 33.29550132353931
-23.40131345895484 11 26.72377920845555
23.55053774132563 11 26.70449867646057
23.40131345895486 11 33.27622079154428
9.359257364258244 11 7.147320227486389
-9.352550020877572 11 7.139419762439715
9.352550020877745 11 52.86058023756021
-9.359257364258191 11 52.85267977251367
-19.57805410782219 11 15.11871124630902
19.57992505081554 11 15.11707001994792
19.57805410782231 11 44.88128875369083
-19.57992505081558 11 44.88292998005202
-1.598721155460225e-14 11 48.99196813252236
3.730349362740526e-14 11 11.00803186747773
-17.57940368561798 11 24.41497883570169
17.57940368561799 11 35.58502116429819
-17.58753459360797 11 35.58634564881564
17.58753459360794 11 24.41365435118428
2 8 0 5
461
462
463
464
465
16 8.5 62
-16 8.5 62
-8 8.5 62
0 8.5 62
8 8.5 62
2 9 0 29
466
467
468
469
470
471
472
473
474
475
476
477
478
479
480
481
482
483
484
485
486
487
488
489
490
491
492
493
494
6.142514866796908 0 40.88666666666978
-6.142514866796453 0 40.88666666667004
-10.11271242968682 4.337616747734746 22.65268434634405
3.86271242968686 4.337616747734742 18.11179354631059
12.49970560094414 4.392750858443719 29.91421020034064
-3.86271242968681 -4.337616747734771 18.11179354631057
-12.49970388607224 -4.39303734304734 29.91396070368415
10.11275315475241 -4.370566779403042 22.65274039991473
-10.09879190817891 -4.415319478230323 22.63356246240422
10.10558384993177 4.376036032169733 22.64288269415268
-3.862712429686815 4.337616747734771 18.11179354631057
3.861615137382339 -4.374523963370375 18.11143707041345
-12.49970505956966 4.392376612656644 29.91413135747776
12.49971341099891 -4.396432655275525 29.91535578641206
-10.33119593388352 -4.537716973513209 37.03678837082008
-10.33119593388351 4.537716973513216 37.03678837082008
10.33119593388285 4.537716973513991 37.03678837082106
10.33119593388285 -4.537716973513994 37.03678837082106
5.287519123415842 -5.70744169143023 41.32661209362763
5.287519123415847 5.707441691430237 41.32661209362763
-5.287519123416823 5.707441691439602 41.32661209362718
-5.287519123416823 -5.707441691439588 41.32661209362718
-11.87123183535124 -0.02423063610789811 26.08543045644311
-7.336679054835003 -0.03862520904462485 19.87956816897889
0.002427090618367508 -0.04064146175678829 17.50000023563076
7.346279838594557 -0.02119942672989694 19.88653508766362
11.88330060920276 -0.004310962204485236 26.12222143085488
-12.27228999795452 -0.004454124123622449 32.37505751637836
12.27099223976519 -0.0008205718243345927 32.38175344056067
2 10 0 5
495
496
497
498
499
-8 11 66.5
-15.33333333333333 11 66.5
0 11 66.5
8 11 66.5
15.33333333333333 11 66.5
2 11 0 5
500
501
502
503
504
-8 15.5 71
-15.33333333333333 15.5 71
0 15.5 71
8 15.5 71
15.33333333333333 15.5 71
2 12 0 6
505
506
507
508
509
510
0 -12.97692060418865 71
-7.665454159473956 -12.79515820415645 71
7.665428477862598 -12.79518755456942 71
13.99257086717561 -11.79420472322788 71
-13.99272495684372 -11.79402862075003 71
16.17276267800275 -16.5 71
2 13 0 7
511
512
513
514
515
516
517
8 -20 77.92820323027551
-8 -20 80.07179676972449
-3.552713678800501e-15 -20 79
-14.7403866707278 -20 76.86945826530652
14.7403866707278 -20 81.13054173469348
-15.36150293021112 -20 82.37614348154517
15.36150293021112 -20 75.62385651845483
2 14 0 16
518
519
520
521
522
523
524
525
526
527
528
529
530
531
532
533
-13.58182512308917 7.341957937045734 87
-7.341957937045734 -13.58182512308917 87
7.341957937045727 13.58182512308918 87
13.58182512308918 -7.34195793704572 87
13.48781911409571 7.264942997816199 87
-7.264942997816195 13.48781911409572 87
7.264942997816192 -13.48781911409571 87
-13.48781911409572 -7.264942997816188 87
14.20170804975877 14.20170804975877 87
-14.20170804975877 14.20170804975878 87
-14.20170804975877 -14.20170804975877 87
14.20170804975878 -14.20170804975876 87
-3.552713678800501e-15 15.8 87
15.8 0 87
-15.8 0 87
0 -15.8 87
2 15 0 7
534
535
536
537
538
539
540
-8 20 77.92820323027551
8 20 77.92820323027551
0 20 79.21863904381932
14.7403866707278 20 81.13054173469348
-14.7403866707278 20 81.13054173469348
-15.36150293021112 20 75.62385651845483
15.36150293021112 20 75.62385651845483
2 16 0 434
541
542
543
544
545
546
547
548
549
550
551
552
553
554
555
556
557
558
559
560
561
562
563
564
565
566
567
568
569
570
571
572
573
574
575
576
577
578
579
580
581
582
583
584
585
586
587
588
589
590
591
592
593
594
595
596
597
598
599
600
601
602
603
604
605
606
607
608
609
610
611
612
613
614
615
616
617
618
619
620
621
622
623
624
625
626
627
628
629
630
631
632
633
634
635
636
637
638
639
640
641
642
643
644
645
646
647
648
649
650
651
652
653
654
655
656
657
658
659
660
661
662
663
664
665
666
667
668
669
670
671
672
673
674
675
676
677
678
679
680
681
682
683
684
685
686
687
688
689
690
691
692
693
694
695
696
697
698
699
700
701
702
703
704
705
706
707
708
709
710
711
712
713
714
715
716
717
718
719
720
721
722
723
724
725
726
727
728
729
730
731
732
733
734
735
736
737
738
739
740
741
742
743
744
745
746
747
748
749
750
751
752
753
754
755
756
757
758
759
760
761
762
763
764
765
766
767
768
769
770
771
772
773
774
775
776
777
778
779
780
781
782
783
784
785
786
787
788
789
790
791
792
793
794
795
796
797
798
799
800
801
802
803
804
805
806
807
808
809
810
811
812
813
814
815
816
817
818
819
820
821
822
823
824
825
826
827
828
829
830
831
832
833
834
835
836
837
838
839
840
841
842
843
844
845
846
847
848
849
850
851
852
853
854
855
856
857
858
859
860
861
862
863
864
865
866
867
868
869
870
871
872
873
874
875
876
877
878
879
880
881
882
883
884
885
886
887
888
889
890
891
892
893
894
895
896
897
898
899
900
901
902
903
904
905
906
907
908
909
910
911
912
913
914
915
916
917
918
919
920
921
922
923
924
925
926
927
928
929
930
931
932
933
934
935
936
937
938
939
940
941
942
943
944
945
946
947
948
949
950
951
952
953
954
955
956
957
958
959
960
961
962
963
964
965
966
967
968
969
970
971
972
973
974
7.720023465880845 6.356196794172526 138.6990740740741
7.170591016038935 -6.970123706269618 162.5727222445408
7.241147306967606 -6.896795319479605 186.3374536113548
7.720023465880845 6.356196794172526 210.2824074074074
7.720023465880843 -6.356196794172528 234.1435185185185
7.720023465880845 6.356196794172526 258.0046296296296
7.634026726930077 -6.459228741306292 281.9758880158196
7.720023465880845 6.356196794172526 305.7268518518518
7.627519455425981 -6.466911701662406 329.5878408661601
7.686172030369383 -6.397089925862181 353.4573977038597
7.720023465880843 -6.356196794172528 377.3101851851852
7.720023465880845 6.356196794172526 409.1249999999999
7.718580686355687 6.357948740609425 432.9213131495916
7.692696029824876 6.389243131444959 464.7515417031484
7.627697402264074 6.466701813095598 480.7083333333333
7.627697402258865 -6.466701813101742 265.9583333333333
7.627697402264074 6.466701813095598 321.6342592592592
7.320368613040237 -6.812650245625073 146.668002321705
7.627697402264074 6.466701813095598 226.1898148148148
7.627697402264074 6.466701813095598 273.9120370370371
7.62769740226407 6.466701813095602 122.7916666666667
7.387708723586462 -6.739566737962056 313.6198205723417
7.249500795270276 -6.888014098372306 202.2167473609649
7.515854142172344 -6.596357821827953 393.2300308231514
7.623205373840424 6.471996587472098 154.5996814655435
7.627697402264074 6.466701813095598 194.375
7.627697402264074 6.466701813095598 393.2175925925926
7.627697402264074 6.466701813095598 448.8935185185185
7.627697402260764 6.466701813099504 170.5138888888889
7.627697402264978 6.466701813094532 242.0972222222222
7.627697402260764 6.466701813099504 289.8194444444445
7.627697402260764 6.466701813099504 337.5416666666666
7.627697402260764 6.466701813099504 377.3101851851852
7.627697402264978 6.466701813094532 353.4490740740741
7.587489558693962 -6.513831606413395 409.129574157913
7.627697402266155 -6.466701813093144 425.0324074074074
7.579759160068239 -6.522825390531439 440.9354431971163
7.244560560717884 -6.893209867840307 218.3416260151084
7.680716458193489 -6.403639175409221 250.1573060650161
7.170712134758737 -6.96999910189548 297.7034759365456
6.951626554284229 -7.188524761713656 130.7619372143279
-9.238795325112894 -3.826834323650835 93.58441723047287
7.620623314804339 -6.475036702124592 456.8530713364275
7.623666612489419 -6.471453266586579 472.7631545360231
-9.238795325112894 -3.826834323650835 509.9155827695271
7.638308139526865 -6.454165226087543 488.6653450725429
7.638308139526153 -6.454165226088383 114.8346549274571
7.627697402436684 6.466701812891999 496.6157407407407
7.627697402436681 6.466701812892003 106.8842592592593
-3.901624026497832 9.207460559560104 509.965685818799
-4.160922474390981 9.093224079615988 93.42477488428923
7.714298968813224 -6.363143202833585 504.382209909556
7.708274541392494 -6.370439827399702 99.11950415606172
7.639731992517467 -6.452479762270093 106.9145644997046
1.100235277697802 -9.939289830451129 111.0485795055182
0.5079030502637336 -9.987093395554725 118.8231298381659
1.71420397682381 -9.851979736369815 103.0029169478493
-6.183323116451874 -7.859167591898768 106.9551914540381
3.137297660912704 -9.495123137002052 94.4314612596643
7.656588449945955 -6.432468679142882 496.5764145666715
1.710141735000695 -9.852685686969254 492.6424451454183
1.672629340137883 -9.859123241470812 484.7448570034638
1.775607716063122 -9.841098375621346 500.5530187032713
-4.976688348313914 -8.67367125753314 496.6157003262579
3.163838482287557 -9.486312563794025 509.0925756591979
-5.023520927109139 -8.646631569281562 488.7515284229584
-9.388887579356686 -3.442207143999584 492.7267424240806
-9.406149074467901 -3.39475471704314 484.8577950512498
-9.403052574128834 3.4033222427753 488.8334186692674
-9.444133494926216 3.287604375531328 480.9867495253556
-9.440067014536323 3.299262760233455 496.7047022846533
-9.41357263732564 -3.374114728605713 476.9494757838449
-9.433644937563257 3.317580924708115 472.993782869151
-9.426208901883516 -3.338650286875213 469.0065003638009
-9.427868922808551 3.333959743959235 465.1525242291866
-9.426123674241293 -3.338890905361812 461.100904851889
-9.413201644181074 3.375149597571451 457.1308779666587
-9.449594852110552 -3.271873642267646 453.1316250216125
-9.409521499109463 3.385395864267106 449.2806922766862
-9.446134353286434 -3.281850968533137 445.2033575085662
-9.397850067605102 3.417662082010855 441.233986501361
-9.450827512191296 -3.268311388899177 437.2398018090656
-5.117458981788228 -8.591368550453124 465.0284000737591
-5.12560680623412 -8.586510051696584 449.1602065735897
-9.361811476273408 3.515179352851788 433.3739302298839
-9.46878616661772 -3.21591177286767 429.3004993573881
-9.370445919210841 3.492097260264227 425.3303947048274
-9.477284673682339 -3.190779718812604 421.3356042847861
-9.334460564147314 3.587177996194027 417.472065267148
-4.615307081369789 8.871242333780421 421.4382379140641
-9.494786999751222 -3.138314807242126 413.3948856400638
-9.285924570684925 3.711011299841325 409.4752709768355
-9.515986666852626 -3.073434195860231 405.4446619511804
-9.316455397121858 3.633683920409011 401.4671183058721
-9.52109343695922 -3.057577433965013 397.4848859496724
-9.295537627615124 3.686865906646374 393.6193288520982
-9.532086628556142 -3.023131572674468 389.5346714206074
-9.314269408022183 3.639283637583377 385.5537043751374
-9.487412262344209 -3.160539283780653 381.5219452541612
-5.412486420820817 -8.408625972442243 385.5430475294141
-5.339597483937291 -8.455098976921001 401.4499099475003
-5.266700949889579 -8.500697683392358 417.3561906211928
-5.23193873363899 -8.522136885045208 433.2319904147327
-9.292491032406517 3.694537915984146 377.7243512588308
-9.512014418262009 -3.085706030518082 373.6545575598099
-9.308525360103264 3.653950686628708 369.6583105973781
-9.551923912504698 -2.959856342750601 365.6547750006897
-9.252028763209285 3.7947284177854 361.8161582058304
-4.342858026884888 9.00775133750491 365.7649250882912
-9.582811142380388 -2.858274061294729 357.7107104635414
-9.188647987652889 3.945725302020217 353.8030368942282
-9.465710955603923 -3.224952108940515 349.7361759324249
-9.305813161398495 3.660852551680079 345.8060378671721
-9.526191398556586 -3.041657021767333 341.831760269931
-9.22900014244488 3.850396910807039 337.9742362985357
-5.255676647022556 -8.507518027129988 361.6453800590647
-9.543557425919735 -2.986722561298971 333.8170865181467
-9.265489098709999 3.761743181250706 329.888995560006
-9.58597878881079 -2.847632465833616 325.919471295491
-9.187779346429542 3.947747545287405 322.0622009119298
-5.398786785912081 -8.417428422045601 337.8101821625841
-9.596711230553003 -2.811251244086494 317.9285178159811
-9.222246044569705 3.866545990081899 313.9698605439663
-9.610047306387431 -2.765319288797533 309.9940885129272
-9.155473248098835 4.022102634611227 306.154321329799
-9.645602136777878 -2.638628321493202 302.0409405196259
-9.175412311407099 3.97640653299924 298.054340814375
-9.663939693954429 -2.570655478980404 294.0680700404573
-9.116259873281219 4.110207527948279 290.2436971379315
-9.577855401862793 -2.874836673796919 286.0434912142844
-9.208365449751502 3.899487882251054 282.1638817779431
-9.639080705530112 -2.66235293533316 278.2141045726839
-5.607433776339928 -8.27989652374727 290.1008003187081
-5.59762824195706 -8.286528710192508 321.9032925622872
-5.55310847238454 -8.316428698301396 305.9577941119571
-9.105102210020151 4.134865626001183 274.3545015849383
-9.604627818629893 -2.784084134073677 270.1588953952663
-9.178787710365857 3.968608845431447 266.2552568314469
-9.693992316898534 -2.454895712634696 262.3002814823782
-9.057664004050425 4.237773329205941 258.4405340261115
-9.606615583360863 -2.777217498419635 254.22003728767
-9.160753839103515 4.010060984492656 250.3510690106683
-9.673436923736885 -2.534683033928284 246.4034763370805
-5.566326325015187 -8.307587570615366 274.1916197028996
-5.424057335589882 -8.401166705894699 258.3598808674402
-9.047348503846797 4.259751759192211 242.5490984598307
-9.632579747572066 -2.685778733750132 238.331395918436
-9.134806322314729 4.068822121179402 234.4393700364517
-9.728451541696524 -2.314569204163605 230.4880968897327
-5.653349693636191 -8.248614261890514 242.3689617010323
-9.000649748795727 4.357557125214013 226.6361217624653
-9.752329381754329 -2.211802800832668 222.5001149599358
-9.033628720609455 4.288770469281373 218.4966860613438
-9.757294438287108 -2.189795708410142 214.5167744818894
-8.959881969469979 4.440778658429934 210.7212580552857
-9.766840420378278 -2.146818157847804 206.5899930065277
-9.001507826202467 4.355784298472063 202.5888884854854
-9.778225719814159 -2.094349964157101 198.6145082304828
-5.846142191470987 -8.113114166403848 226.4900962527013
-5.321517630625844 -8.466489833864935 210.5293323152147
-8.770694711339432 4.80363552743987 194.7306235812662
-9.810512624623103 -1.937483430151269 190.7052034266276
-8.713891808692678 4.905923923829095 186.7752179991293
-9.829072343025084 -1.841015175271346 182.762024564408
-8.677754650581161 4.969564792244593 178.8236809252529
-9.838200341273385 -1.791595390976502 174.8085413507999
-3.437573308121197 9.390585165541745 182.8321361602513
-6.327000058716123 -7.743969928725587 178.7525003635645
-6.368325506575801 -7.710021416461569 170.8017780924778
-9.844662335716162 -1.755740156097022 166.8548533668482
-5.754146050916188 -8.178618662385821 194.5328236184089
-4.873191107019191 8.732239600152361 469.1169550738157
-4.628074230404902 8.864588479893586 484.9384066390523
-4.694415056885225 8.82963573844863 437.3420925901179
-4.777689728062036 8.784855198713894 453.2391174188274
-4.498589991622591 8.930995917996663 397.5789489380708
0.7442722434728283 -9.972264478421936 174.8367991093743
-4.420834685828149 8.969739164578797 381.6720153396557
-4.225338613378385 9.063471388066143 341.9042075998315
-4.067564906947656 9.135366206549572 310.0898747195747
-4.146606037458947 9.099761445780269 325.9970434886069
-6.410526046797461 -7.674969433380912 162.8410270424274
-9.751248893697275 -2.216561529298851 159.0326183341844
-8.633724499881467 5.045671537084684 162.9133014969003
-6.368332963491309 -7.710015257190481 154.8751868115048
-9.743827491926847 -2.248961050701098 150.8353236771686
-3.988219202913047 9.170283942687686 294.1827043685657
-6.21442616047307 -7.834596830471108 146.8441389890102
-9.866614529654658 -1.627856788297913 142.9945428588304
-8.589955351717835 5.119830764341154 147.0061273678961
-6.418005513005534 -7.668716009543617 138.995291487194
-9.868669993914084 -1.615349049344999 135.0499922982611
-6.512960835814321 -7.588237025235099 131.0285807697539
-9.880925155890754 -1.53860913284865 127.0995328906832
-8.558133596615209 5.172847314824404 131.1040522251063
-8.800266730667913 4.74924262057641 123.3096249435154
-9.877300257041629 -1.561710482850575 119.1609918277671
-8.825830344846455 4.701565560958125 115.1574672966012
-3.828635547835373 9.238049027898224 262.3683623646492
-3.908574170256537 9.204512369246045 278.2755334661746
-3.748409259421925 9.270891436311828 246.4611911990375
-3.587117703148845 9.334483734184561 214.6468488173642
-3.667901297552437 9.303037142321488 230.5540200118263
-3.037779725599347 9.527428527086286 199.4847924551639
-3.328922300892029 9.429648790629678 174.9598987522562
-3.292195586350679 9.442533993648798 127.2869922223793
3.483587812711828 9.373612748088414 178.890954553479
-2.916182784558602 9.565347770313636 134.9432754350466
4.163324171525942 9.092124715531998 131.2372799626476
-9.871546049643477 -1.597679126035095 111.2196908793022
-8.55441115355837 5.179000851117537 107.4783080804516
-3.191431801203233 9.477065107841598 111.3439197416607
-9.821087148338863 -1.883148221657874 103.4638399331184
-3.161831711473786 9.486981618424204 103.4998812401472
-6.107714964046014 -7.918069077620402 115.1030977695657
3.442925919729767 9.388624026514904 186.8445401522937
0.392519383851311 -9.992293457124896 134.8999722736362
0.5794549958656304 -9.983197479152977 126.9238538620024
0.5332324174841765 -9.985773039126414 150.8112322491827
7.284637091729776 -6.850843921867931 138.6792723377148
0.9529916650930269 -9.954486771615262 182.6674333420425
-4.448778998216002 -8.955912316734249 504.5293836431159
7.07783731061695 -7.06429182610958 122.7711168117236
7.656713998810442 -6.432319234958741 480.7379831891241
1.631275754076007 -9.866049838418807 476.7317195092434
-5.090655325572468 -8.607277639080818 480.8630764089901
-9.289629249509254 -3.701727759663335 500.769381374183
-9.339029359515795 3.575266510639729 504.746786603511
-4.699683385520088 8.826832731839119 500.9421420865478
2.064248215749142 9.784624637857933 504.2675944320991
-5.066709550480212 8.621395149920493 492.9236337994938
1.689199792369434 9.856297685310599 488.9961106877554
7.029935049078801 7.111962683094832 98.78147120012714
7.639731992517741 6.452479762269768 114.8076577225185
1.662602627212288 9.860819058475153 118.7846030520863
-6.272006559553605 -7.788577130446649 123.0547384357218
-8.571136495871293 5.151273548273588 139.023353179886
0.6609728404760018 -9.978131834374263 142.860998444314
7.099788266445995 -7.042230227110994 154.6055728511861
7.638859338994168 6.45351284178327 472.7245434242409
0.9191478236577759 9.957668767249952 476.5611943112638
7.638859338994219 6.45351284178321 417.0486174983151
1.71663589398147 9.851556283526701 412.9833982466933
1.851636542672868 9.827076987275436 405.0327691136158
7.622099190731123 6.473299307668073 424.9864612413941
1.704153794246154 9.853723146382611 429.1096687915909
7.799654249442117 6.25822607366972 401.2019346124811
7.63885933899383 -6.453512841783669 345.5254565757592
1.660945727707932 -9.861098280090751 349.59316442018
7.622099190730451 -6.473299307668864 337.5876128326796
1.601150563514099 -9.870983581840186 341.6396497549953
1.484943480117628 -9.889132563620338 333.6884651812973
-5.402940508455086 -8.414762852397867 329.87510091068
1.361270683242124 -9.90691385482611 325.7058871777108
7.385478044388973 -6.742011128428106 321.6713491439826
1.33413120208745 -9.910605124593387 317.4159737617216
-5.491678549972255 -8.357120718511528 313.9487431269835
7.638859338994244 6.45351284178318 313.650469350167
1.644889184997299 9.863789310862176 317.6283693115438
7.6630072594507 -6.424820599954979 242.1044748538781
1.563503250647323 -9.8770166338432 238.0375396750175
1.453490842738645 -9.893804342621442 246.1340979449687
-5.31013664778296 -8.473632561178963 250.2881623483603
1.337905869457934 -9.91009626010111 255.0922301190768
-5.466930025421116 -8.373331242531199 234.4423100299029
1.173172291871319 -9.930944908395444 230.0643362465283
0.5578789644369069 -9.98442642624196 222.0669016665323
7.357661224931086 -6.772357144978814 226.2301908103652
7.638859338993739 -6.453512841783779 273.9421232424256
1.422355450164166 -9.898328392884745 270.0850192295408
1.459901963350676 -9.89286036783118 278.044413317014
-5.484637509067804 -8.361743322664628 282.1105086685577
1.421689676732691 -9.898424039364635 286.6756376451525
-5.270799398657369 -8.49815707663215 266.2740749792362
7.496992739447861 -6.617786628825839 178.494000472206
1.666045870645982 -9.860237885411461 190.8280227830211
7.119061624425327 -7.022746014746271 170.5492343407357
7.53370945806827 -6.575957861894545 194.3932154019836
7.63885933899429 6.453512841783126 218.2060249057225
1.644889184095495 9.86378931101256 222.1839248670979
7.627697402258865 -6.466701813101742 289.8194444444445
7.638859338993739 -6.453512841783779 369.38656768687
1.569985954570928 -9.875988259533827 373.3934712492607
7.622099190730652 -6.473299307668627 361.4487239437905
1.45568043037338 -9.893482424537275 365.5279038331969
1.619116548142295 -9.86805257401539 357.5740763257417
-5.111118632143508 -8.59514201908005 353.4893340316623
7.684974879616182 -6.398528041641159 385.3334859667231
7.638859338994271 6.45351284178315 146.6226915723893
2.162933994545208 9.763284106039356 150.722329784081
2.189630358530531 9.757331545714814 158.4374406813502
-5.135720563912031 8.580464689596427 154.5559099229229
1.571724793738357 9.875711679304338 142.8064875439195
7.627697402264074 6.466701813095598 202.3287037037037
1.708290096555483 9.853006898709168 206.4226188820701
7.627697402264092 6.466701813095577 250.0509259259259
1.708290096578389 9.853006898705196 254.1448411042923
7.63885933899431 6.453512841783102 265.9282471279447
1.64488918413528 9.863789311005927 269.9061470893201
7.627697402264223 6.466701813095423 297.7731481481482
1.708290096980884 9.853006898635414 301.8670633265091
7.638859338994363 6.453512841783039 440.9097286094262
1.644892695149491 9.863788725507245 444.8876285766772
7.627697402264332 6.466701813095295 456.8472222222222
1.708303466123745 9.85300458071697 460.9411372131937
7.650358259705986 -6.439877211418583 257.9634617526116
7.592667152716261 6.507795748797248 162.5300619989504
1.914933416610788 9.814939124108072 166.343604809716
7.626236449454207 -6.468424662699265 464.8030775170911
1.654436369872858 -9.862192469123785 468.8080996413007
1.620567848143289 -9.867814340043301 460.8586770645425
7.639731992517485 6.45247976227007 345.4650651299252
1.645558340913447 9.863677698842871 349.4419796758705
1.616902948263036 9.868415519013086 357.3975282239066
7.556983373847403 -6.549198598866423 401.1606008123457
7.585841684357307 -6.51575060448657 417.0666695639437
7.361090630520781 -6.768629457228337 305.7580151902936
7.639731992517438 -6.452479762270126 432.9558058706659
7.55222919266322 -6.554680329465766 210.2775907108376
1.269366514467991 -9.91910825890853 206.2931300141065
7.620728258326869 -6.474913189590909 448.9220796539458
1.612883244266077 -9.869073291873242 452.9392424539593
1.674213655445376 -9.858854326742039 444.9782896826876
7.639731992517484 6.45247976227007 234.1738237589637
1.645558607591883 9.863677654352877 238.1203176337127
7.639731992517518 6.452479762270031 281.8354355002956
1.645558340895819 9.863677698845812 285.8123500462357
7.639731992517518 6.452479762270031 329.5576577225178
1.645558340906082 9.863677698844098 333.5345722684579
7.639731992517895 6.452479762269584 361.3724725373316
7.621797509481125 6.473654510743319 369.3108420960601
1.631859851623499 9.865953244601322 373.3178851448906
7.627697402260764 6.466701813099504 385.2638888888889
1.636353532148984 9.865208924185211 389.2407407407449
-8.64613031461429 5.024383602264839 170.8977132646099
-3.630359289752871 9.317751414762309 190.7452170906293
-5.650544258437222 -8.250536320957696 186.7710033970561
-5.8359249279909 -8.120466749815211 202.6691240374337
-5.822210273486331 -8.130305500490755 298.0846003165013
0.5482212254812003 -9.984961366371524 158.7963515587688
0.4474896825305037 -9.989982631818172 166.7854627875149
-5.374767854750722 -8.432785453664662 393.5248089310007
-5.289249371176132 -8.486686107634291 369.5972520345526
-5.053596021525687 -8.629088436863986 377.5395208115362
-5.297866944268238 -8.48130920559025 409.3739835232908
-5.247625837926306 -8.512486303373898 425.2760097063176
-5.176244610616348 -8.556079226553784 441.1788175253417
-6.159188611016054 -7.878095940893975 98.95109054785429
-5.12200110802053 -8.588661400325226 457.1138745787854
-5.13108397848197 -8.583238153853452 472.9756832960735
1.66077303139502 -9.861127366492687 214.218981968002
0.9850220441705181 -9.951368326642228 198.4970229879701
-5.094297558652482 -8.605122450256438 345.606911765918
1.452147954023288 -9.894001532222742 437.2116491400018
1.531910090379034 -9.881965972163378 429.2180452876401
1.525107711750715 -9.883018084955552 421.2836744694924
1.506800537110686 -9.88582581989805 413.3041998027625
1.459286367137037 -9.892951192575852 405.3771146387718
1.419503304249901 -9.898737816975638 397.4292033959122
1.645217791700057 -9.863734506659918 389.4227950806389
1.35569580619446 -9.907678279045337 301.764096047526
1.276401235652211 -9.91820547708231 309.5739573171674
1.984869901090763 -9.801035224696621 381.173906300492
3.826834323650923 9.238795325112857 93.21768694821749
0.9678223522558399 9.953055806860222 496.9944841976833
0.8497188137713295 -9.963833496075848 294.3265568545531
-6.183066438638848 -7.859369530399873 218.4592161175289
1.705371926411288 -9.853512398764629 262.5371880090261
-9.302625166971307 3.668946034330849 93.50458449641017
-7.830545237688586 6.219530631849368 100.0210549051272
7.923169695824102 6.101096784281873 488.662037037037
3.826834323650923 9.238795325112857 510.9263194346723
-5.398022162373646 8.417918788781639 477.0337712439272
2.260507497626119 9.741155262758936 468.6662511418776
-5.335680857278113 8.457571151889642 461.1783675712949
8.054675608544095 5.926398640078544 504.5694444444444
2.294079725943088 9.733303561022685 452.8703703703706
2.37205309335566 9.714595417324484 436.8529051258886
-5.331166288698002 8.460417602119293 445.2886225605903
-5.14668832269817 8.573890558492236 405.5292774100428
-5.273062134182995 8.496753246331535 429.3875461511321
-5.229462971246872 8.523656318291925 413.482207207868
2.535344377371481 9.673263611012098 397.4077349512651
2.393353239127071 9.709369715525305 420.9983904469944
-9.238795325112843 3.826834323650956 511.2011715342758
-5.224961435419654 8.526416480466889 389.6217357036237
2.516342821994967 9.678223948751878 381.287037037037
-5.195039788783935 8.544680309581615 373.7144795922154
2.562033663535954 9.666229022059664 365.3216618733263
-5.170311595573408 8.559665764776049 357.8071023248218
-5.14011841884554 8.577830882003028 349.8534914170311
2.635198880213414 9.646539631480398 341.5166783725695
-5.108227156031141 8.596860783005969 333.9461097716042
2.682944325239064 9.633369594678049 325.6091748066978
-4.339462496721612 -9.009387617343735 92.62712611796718
2.756728304592684 9.61251523039925 309.59883994219
-5.076650436676401 8.615545272575226 318.0387174471896
-5.016320804505141 8.650810689541697 302.1314717928291
-4.284781871443713 -9.035521253040542 510.9318793756781
2.779218445524686 9.606036895205815 293.7962962963
-5.012232775042 8.653179913118342 286.223929507927
2.825884854566943 9.592412355019418 277.886661960868
2.899385334915146 9.570452689380947 261.8785956036254
-4.980505708099709 8.671479855917687 270.3165305243387
-4.919865507077079 8.706027991700532 254.4092822672467
2.921971454658381 9.56358106663825 246.0740740740731
-4.916665711784114 8.707835453117291 238.5017310112606
2.978928957270727 9.545992995363758 230.1943334772998
3.041596655823946 9.526210672837369 214.1583734673348
-4.88393212298024 8.726236704222602 222.5943338886364
-4.822996396177158 8.760063114068423 206.6870843934649
1.966452510792793 9.804747040224788 194.7637305674314
8.51194960870423 5.248496342656621 186.4212962962963
8.524989514886327 5.227289333017468 178.4675925925926
3.255201928978099 9.455350887279502 102.9074074075762
-3.639105985409651 9.314338818561179 146.5324312232097
3.241771159710485 9.459964045812718 110.8580147696365
-3.713589060932941 9.284893983590724 162.5557973867066
-9.315341646144519 3.636538191138039 154.952595176954
-4.666405496818883 8.844470574277384 119.2360607638146
8.587567542859757 5.123834862368382 130.7453703703704
2.733576585429268 9.619124651006082 125.0350006929588
8.057167841582476 -5.923009908194414 510.2277798174748
8.063060561293057 -5.914985577744082 93.27784267407944
1.962063819965272 9.805626220001621 482.7964104136175
2.619946921929266 9.650693142270836 172.706032549527
-4.10587406145529 9.118212444962481 168.7484202984747
8.47363024727794 5.310140340180888 92.67885026818297
0.408489829943804 9.991653319587929 98.15442871393066
8.482640500522079 5.295735089569959 510.8353565250393
2.796720521195426 9.600955906904499 200.4070834095378
-9.999999091079685 0.004263614131365153 97.75531403178893
-4.227913535284805 9.062270528855091 140.7989525765738
2.72616300528012 9.621228365891856 137.1353628828031
2 17 0 8
975
976
977
978
979
980
981
982
5.494254707353461 13.26430422962485 516.5
-5.494254707353365 13.26430422962489 516.5
-13.26430422962483 5.494254707353512 516.5
13.26430422962487 5.494254707353415 516.5
-13.2643042296249 -5.494254707353333 516.5
13.26430422962485 -5.494254707353438 516.5
5.494254707353377 -13.26430422962487 516.5
-5.494254707353496 -13.26430422962482 516.5
2 18 0 16
983
984
985
986
987
988
989
990
991
992
993
994
995
996
997
998
3.901806440322623 19.6157056080646 521.735916139543
-3.902376095352332 19.61559228803512 521.7431789909008
-11.11423440349371 16.62750112386695 521.746613862163
-16.6307686942378 -11.10934438384012 521.741064558749
-16.63127381592741 11.10858817580558 521.7479359792023
16.62939224605092 11.11140466039202 521.735916139543
-19.61549755650512 -3.902852240444378 521.7460285301929
-19.61601734208074 3.90023892026983 521.7473170910345
11.11140466039208 16.62939224605088 521.735916139543
11.11140466039199 -16.62939224605094 521.735916139543
3.901236782001986 -19.61581891155082 521.7431789909008
-11.11156384799627 -16.62928587919224 521.746589609352
-3.902282137485402 -19.61561098001952 521.7454520062444
16.62939224605088 -11.11140466039208 521.764083860457
19.19867712165135 5.604533591529343 521.75
19.22179091125162 -5.524740189739657 521.7562410168141
2 19 0 25
999
1000
1001
1002
1003
1004
1005
1006
1007
1008
1009
1010
1011
1012
1013
1014
1015
1016
1017
1018
1019
1020
1021
1022
1023
7.812341743183393 11.64933019252161 527
-7.143287945607003 -10.69068590377423 527
-10.69068590377426 7.143287945607027 527
11.17099088137171 -7.210989461830572 527
-2.508389151787386 12.61052384440107 527
13.36298717766676 2.70040602639165 527
-11.53413861288054 -3.344723566054096 527
2.213546812688277 -12.81065614295722 527
8.42608264580068 -12.61052384440105 527
3.710679537761691 -5.507837429870408 527
8.915711818664606 -0.7760686095419321 527
2.521785030636098 2.629758816471932 527
-4.025381168121337 -0.7721433112361491 527
-4.104203567429955 6.27093831735445 527
-2.684547007837335 -6.642966598942043 527
-12.8242882081111 -8.957803435215208 527
14.8751271023746 -2.95884674700665 527
2.958846747006691 14.8751271023746 527
-8.42608264580066 12.61052384440108 527
12.39665863203128 8.311873019942082 527
-14.20926968789158 2.737509746689988 527
-3.026521468867354 -14.05316478580691 527
1.748368056049834 8.789639774950512 527
-8.912735788019532 2.406973826472244 527
7.792975409705328 5.550823203455974 527
3 1 0 88
1024
1025
1026
1027
1028
1029
1030
1031
1032
1033
1034
1035
1036
1037
1038
1039
1040
1041
1042
1043
1044
1045
1046
1047
1048
1049
1050
1051
1052
1053
1054
1055
1056
1057
1058
1059
1060
1061
1062
1063
1064
1065
1066
1067
1068
1069
1070
1071
1072
1073
1074
1075
1076
1077
1078
1079
1080
1081
1082
1083
1084
1085
1086
1087
1088
1089
1090
1091
1092
1093
1094
1095
1096
1097
1098
1099
1100
1101
1102
1103
1104
1105
1106
1107
1108
1109
1110
1111
0 2.320401838132255e-16 80.5
-3.717778176996746 1.230068226235379 50.83967932808315
-9.561268959889169 2.500000000000001 76.75765861998613
7.987557731994854 2.664535259100376e-15 50.91169762946453
9.561268959889164 2.499999999999999 76.75765861998615
19.28212626360898 2.199028234398728 38.09809693637978
-20.78537862362619 -2.372821337739819 35.00405679594866
-0.1520512828665179 0.1035862465131645 90.70909822684183
-18.68055792971446 3.413602651739521 42.34270919530181
0.01748637543411924 -0.002870725803341578 486.6809858266558
0.03766022419648607 -0.008027911025329557 462.8229923568833
-0.03412368949978184 -0.003174766024518938 439.2420785422971
-20.77075066251247 -2.309033889391799 24.86233762096071
-11.43289134768528 1.490187794774018 48.60237356404986
0.01962022187698231 -0.04086075599515659 347.5539147009871
-0.02564758556925995 -0.0153204889704454 411.3780221949162
0.04229662757409791 -0.007030011469031372 335.5899032549137
0.03697629509792044 -0.03141174168975169 474.7764012005774
0.03963216722185958 0.004298693847361257 450.8652928002734
0.04197278873925203 -0.006595586925209673 359.4350850162264
0.04595684674565792 0.0003308935745636177 375.3486357336218
0.04613465168717479 -0.0009779669493354959 240.1379071555891
0.04398686761275528 -0.004548980906961653 271.9572475321713
-0.04357152723524749 -0.001197166040118436 391.5747159678426
-2.41708869757639 2.428848581317831 9.066489490105276
-0.02555821568162564 -0.0177550437170293 427.2848144897685
-0.04167554078938096 0.001401200623893928 224.5379783348341
0.04432248543550044 0.01199385268252939 259.9868147048322
20.67885653631762 2.417801939834473 25.27321719203631
-0.04650514083193968 -0.003792343225249351 319.9985413521733
-0.04645865981385633 -0.002648110441206164 304.092047827464
-16.31073010006658 -0.3172906559601003 16.67608555108808
-0.0486064833179749 0.001993440865756924 176.8268024752268
0.01797029710036213 0.01148867052557634 144.6963222708478
0.01311434386377131 -0.03967103871969968 498.5501065115913
0.04702980070468499 0.0001197256514409162 208.3207528690451
-0.02156808550362754 -0.02837816324194442 292.1032205693106
-0.04110032612438097 -0.03488938361526772 164.864227441366
0.0606712927190145 0.004618050895348169 108.8440024201572
0.001672453582060029 0.0007835790645929208 154.8627054862201
0.1323974690041734 -0.003460536789196667 401.4762213456257
16.47889191873432 0.001660516907247889 17.06220176237007
-0.0300221806145391 0.0002555051393156038 133.0674907582481
0.06479776203200194 -0.02795178848584889 513.5936500134025
0.0002162603289166398 0.002415396309908502 123.065513916804
0 2.483790177974935 70.46654067234977
-0.02354569616320923 0.1439591525155608 250.0622641694939
9.525478308492755 -2.745964579188055 11.10507993340797
-9.546379898468562 -2.829764381122365 11.13592303904483
0.02448029220187409 -0.03316082779732987 196.41236772008
-0.0008946356038386227 0.000572049973038169 281.9582135997961
-0.2728223469307141 -0.06347500331178857 186.6204722034724
16.11128386551803 -2.768162405886351 44.81072687530857
13.15675170146612 1.358954615190751 67.76637349300921
-13.15675170146612 1.35895461519075 67.76637349300921
-4.246928670674601 -10.25299279517361 78.99848396887523
1.240520305730154 0.08275106543038913 99.76161941272929
20.94834650211077 -3.066432257676602 31.69937705648092
3.35890375588497 8.109111002163365 79.19029537660644
-12.44460453715647 -4.781777952609569 79.05942267167292
12.44460453715647 -4.781777952609568 79.05942267167292
-22.2549954501163 3.770176611337699 30.03736396189809
7.341928709330172 3.814436155907499 9.310851659932686
-15.83388836280364 -3.854028026478148 44.43474086342046
4.670218454389427 -10.02466184859786 78.93252186246721
2.15139020642741 -3.834871004347178 8.971708556999971
-8 10.83759560559288 78.73555057044243
1.947835888367258 0.5934058078666385 383.4724724955015
13.6105752408899 -6.661338147750939e-16 59.38565309034683
-13.6105752408899 0 59.38565309034684
0.9571285078027212 1.764306937969049 216.4344469270352
11.42822722770399 10.98202049226194 79.55410426476151
1.979186452542463 0.8976380048841186 419.3315469945009
2.04544360476818 0.7236100701285038 367.3910429725105
-14.56294931453451 3.886236833195643 73.26609750524298
14.56294931453451 3.886236833195643 73.26609750524298
0.9157223181155594 1.95490058185738 312.0454382588336
-19.17016007813029 4.248194914745029 21.77938946545449
21.18121316456176 -4.706705418840675 23.96559706156961
2.601525606612968 -4.639595050678397 50.81458403785792
3.138775035715305 0.06179211091151767 56.64417359077506
2.601525606612965 4.639595050678397 50.81458403785793
-10.52130821354626 4.140869108770073 14.25368162309202
1.103360908888906 1.973740751534985 327.7883370303499
1.155051534447517 1.930205587576105 232.3317479899723
-11.90062875530596 -12.84746303147364 79.36358999815741
11.59037919783549 3.428648408019926 45.06632171518401
-8.572060143125753 -3.942070252165761 52.44194480831151
$EndNodes
$Elements
20 5118 1 5118
2 1 2 200
1 1 296 2 
2 2 298 1 
3 1 298 32 
4 62 296 1 
5 2 296 64 
6 86 298 2 
7 3 31 85 
8 3 279 33 
9 84 3 85 
10 84 309 3 
11 3 309 279 
12 33 269 4 
13 4 57 34 
14 56 57 4 
15 4 311 56 
16 269 311 4 
17 6 295 5 
18 5 297 6 
19 35 297 5 
20 5 295 59 
21 36 295 6 
22 6 297 58 
23 37 38 7 
24 60 37 7 
25 38 312 7 
26 7 270 61 
27 7 312 270 
28 61 278 8 
29 63 8 65 
30 65 8 66 
31 8 308 66 
32 278 308 8 
33 32 301 31 
34 31 301 85 
35 32 298 86 
36 86 301 32 
37 33 279 269 
38 34 302 35 
39 57 302 34 
40 58 297 35 
41 35 302 58 
42 37 299 36 
43 59 295 36 
44 36 299 59 
45 60 299 37 
46 39 312 38 
47 40 276 39 
48 276 312 39 
49 41 290 40 
50 40 290 276 
51 42 266 41 
52 266 290 41 
53 43 294 42 
54 42 294 266 
55 44 264 43 
56 264 294 43 
57 45 286 44 
58 44 286 264 
59 46 262 45 
60 262 286 45 
61 47 291 46 
62 46 291 262 
63 48 263 47 
64 263 291 47 
65 49 289 48 
66 48 289 263 
67 50 261 49 
68 261 289 49 
69 51 281 50 
70 50 281 261 
71 52 280 51 
72 280 281 51 
73 53 275 52 
74 275 280 52 
75 54 283 53 
76 53 283 275 
77 55 277 54 
78 277 283 54 
79 56 311 55 
80 55 311 277 
81 58 302 57 
82 59 299 60 
83 270 278 61 
84 63 300 62 
85 64 296 62 
86 62 300 64 
87 65 300 63 
88 64 300 65 
89 66 308 67 
90 67 267 68 
91 67 327 267 
92 308 327 67 
93 68 285 69 
94 267 285 68 
95 69 292 70 
96 285 292 69 
97 70 274 71 
98 70 292 274 
99 71 287 72 
100 274 287 71 
101 72 273 73 
102 72 287 273 
103 73 293 74 
104 273 293 73 
105 74 271 75 
106 74 293 271 
107 75 288 76 
108 271 288 75 
109 76 272 77 
110 76 288 272 
111 77 323 78 
112 272 323 77 
113 78 304 79 
114 282 304 78 
115 78 323 282 
116 79 265 80 
117 79 304 265 
118 80 325 81 
119 265 325 80 
120 81 322 82 
121 81 325 322 
122 82 268 83 
123 82 322 268 
124 83 309 84 
125 268 326 83 
126 83 326 309 
127 85 301 86 
128 281 282 261 
129 282 305 261 
130 261 305 289 
131 262 315 286 
132 291 316 262 
133 262 316 315 
134 289 314 263 
135 263 313 291 
136 263 314 313 
137 286 317 264 
138 264 318 294 
139 317 318 264 
140 280 306 265 
141 265 324 280 
142 304 324 265 
143 306 325 265 
144 266 321 290 
145 294 319 266 
146 319 321 266 
147 267 320 285 
148 310 320 267 
149 267 327 310 
150 277 303 268 
151 268 307 277 
152 303 326 268 
153 268 322 307 
154 269 303 277 
155 277 311 269 
156 279 303 269 
157 276 310 270 
158 270 312 276 
159 270 310 278 
160 271 313 288 
161 293 316 271 
162 271 316 313 
163 288 314 272 
164 289 305 272 
165 272 314 289 
166 305 323 272 
167 287 317 273 
168 273 315 293 
169 273 317 315 
170 274 318 287 
171 292 319 274 
172 274 319 318 
173 275 306 280 
174 283 284 275 
175 284 306 275 
176 290 320 276 
177 276 320 310 
178 277 307 283 
179 278 327 308 
180 310 327 278 
181 279 326 303 
182 309 326 279 
183 280 324 281 
184 281 324 282 
185 282 324 304 
186 282 323 305 
187 283 307 284 
188 284 325 306 
189 307 322 284 
190 322 325 284 
191 285 321 292 
192 320 321 285 
193 315 317 286 
194 287 318 317 
195 313 314 288 
196 290 321 320 
197 313 316 291 
198 292 321 319 
199 315 316 293 
200 318 319 294 
2 2 2 17
201 1 32 89 
202 90 62 1 
203 90 1 89 
204 92 31 3 
205 8 63 87 
206 87 328 9 
207 9 328 91 
208 88 329 10 
209 10 329 92 
210 32 31 88 
211 31 329 88 
212 92 329 31 
213 89 32 88 
214 91 63 62 
215 91 62 90 
216 63 328 87 
217 91 328 63 
2 3 2 65
218 3 33 349 
219 92 3 349 
220 33 4 350 
221 4 102 350 
222 11 10 347 
223 10 92 336 
224 10 336 337 
225 10 337 347 
226 93 11 347 
227 12 93 330 
228 94 12 333 
229 12 330 331 
230 12 331 333 
231 13 94 345 
232 95 13 345 
233 14 95 344 
234 99 14 344 
235 15 96 348 
236 100 15 348 
237 16 100 346 
238 101 16 346 
239 17 101 335 
240 103 17 339 
241 17 335 341 
242 339 17 351 
243 17 341 351 
244 349 33 350 
245 336 92 349 
246 330 93 347 
247 94 333 345 
248 344 95 345 
249 96 97 343 
250 96 343 348 
251 97 98 332 
252 97 332 343 
253 98 99 344 
254 332 98 338 
255 338 98 344 
256 346 100 348 
257 335 101 346 
258 102 103 340 
259 102 340 350 
260 103 339 340 
261 331 330 334 
262 334 330 337 
263 337 330 347 
264 333 331 338 
265 331 334 342 
266 338 331 342 
267 332 338 342 
268 341 332 342 
269 332 341 343 
270 333 338 344 
271 333 344 345 
272 334 337 339 
273 334 339 351 
274 342 334 351 
275 341 335 343 
276 343 335 348 
277 335 346 348 
278 337 336 340 
279 340 336 350 
280 336 349 350 
281 339 337 340 
282 341 342 351 
2 4 2 29
283 34 102 4 
284 35 5 355 
285 5 59 354 
286 5 354 356 
287 355 5 356 
288 104 60 7 
289 17 103 357 
290 106 17 357 
291 105 18 358 
292 18 109 358 
293 34 35 352 
294 102 34 352 
295 352 35 355 
296 59 60 353 
297 59 353 354 
298 60 104 353 
299 103 102 352 
300 103 352 357 
301 104 105 353 
302 353 105 358 
303 107 106 355 
304 106 352 355 
305 352 106 357 
306 108 107 356 
307 107 355 356 
308 109 108 354 
309 354 108 356 
310 353 109 354 
311 109 353 358 
2 5 2 114
312 36 6 378 
313 6 58 380 
314 378 6 380 
315 19 110 365 
316 118 19 366 
317 19 365 393 
318 366 19 393 
319 37 36 387 
320 36 378 387 
321 38 37 370 
322 370 37 387 
323 39 38 391 
324 38 370 391 
325 40 39 374 
326 374 39 391 
327 41 40 384 
328 40 374 384 
329 42 41 383 
330 383 41 384 
331 43 42 373 
332 373 42 383 
333 44 43 390 
334 43 373 390 
335 45 44 371 
336 371 44 390 
337 46 45 385 
338 45 371 385 
339 47 46 379 
340 379 46 385 
341 48 47 377 
342 377 47 379 
343 49 48 386 
344 48 377 386 
345 50 49 369 
346 369 49 386 
347 51 50 389 
348 50 369 389 
349 52 51 376 
350 376 51 389 
351 53 52 382 
352 52 376 382 
353 54 53 381 
354 381 53 382 
355 55 54 375 
356 375 54 381 
357 56 55 392 
358 55 375 392 
359 57 56 372 
360 372 56 392 
361 58 57 388 
362 57 372 388 
363 380 58 388 
364 110 111 360 
365 110 360 370 
366 365 110 370 
367 111 112 367 
368 360 111 396 
369 111 367 396 
370 112 113 359 
371 112 359 398 
372 367 112 398 
373 113 114 364 
374 359 113 371 
375 113 364 371 
376 114 115 363 
377 114 363 394 
378 364 114 394 
379 115 116 361 
380 115 361 369 
381 363 115 369 
382 116 117 368 
383 361 116 395 
384 116 368 395 
385 117 118 362 
386 117 362 397 
387 368 117 397 
388 362 118 372 
389 118 366 372 
390 359 371 390 
391 373 359 390 
392 359 373 398 
393 370 360 391 
394 360 374 391 
395 374 360 396 
396 369 361 389 
397 361 376 389 
398 376 361 395 
399 362 372 392 
400 375 362 392 
401 362 375 397 
402 363 369 386 
403 377 363 386 
404 363 377 394 
405 371 364 385 
406 364 379 385 
407 379 364 394 
408 365 370 387 
409 378 365 387 
410 365 378 393 
411 372 366 388 
412 366 380 388 
413 380 366 393 
414 367 383 384 
415 383 367 398 
416 367 384 396 
417 368 381 382 
418 381 368 397 
419 368 382 395 
420 373 383 398 
421 384 374 396 
422 375 381 397 
423 382 376 395 
424 377 379 394 
425 378 380 393 
2 6 2 65
426 61 419 7 
427 7 419 104 
428 8 418 61 
429 87 418 8 
430 20 416 9 
431 9 405 87 
432 9 406 405 
433 9 416 406 
434 105 408 18 
435 18 404 127 
436 18 410 404 
437 408 420 18 
438 18 420 410 
439 119 416 20 
440 21 399 119 
441 120 402 21 
442 21 400 399 
443 21 402 400 
444 22 414 120 
445 121 414 22 
446 23 413 121 
447 125 413 23 
448 24 417 122 
449 126 417 24 
450 25 415 126 
451 127 415 25 
452 418 419 61 
453 405 418 87 
454 104 409 105 
455 104 419 409 
456 105 409 408 
457 399 416 119 
458 120 414 402 
459 413 414 121 
460 122 412 123 
461 122 417 412 
462 123 401 124 
463 123 412 401 
464 124 413 125 
465 401 407 124 
466 407 413 124 
467 415 417 126 
468 404 415 127 
469 400 403 399 
470 403 406 399 
471 406 416 399 
472 402 407 400 
473 400 411 403 
474 407 411 400 
475 401 411 407 
476 410 411 401 
477 401 412 410 
478 402 413 407 
479 402 414 413 
480 403 408 406 
481 403 420 408 
482 411 420 403 
483 410 412 404 
484 412 417 404 
485 404 417 415 
486 406 409 405 
487 409 419 405 
488 405 419 418 
489 408 409 406 
490 410 420 411 
2 7 2 114
491 64 440 2 
492 2 442 86 
493 440 442 2 
494 26 427 128 
495 136 428 26 
496 26 455 427 
497 428 455 26 
498 65 449 64 
499 64 449 440 
500 66 432 65 
501 432 449 65 
502 67 453 66 
503 66 453 432 
504 68 436 67 
505 436 453 67 
506 69 446 68 
507 68 446 436 
508 70 445 69 
509 445 446 69 
510 71 435 70 
511 435 445 70 
512 72 452 71 
513 71 452 435 
514 73 433 72 
515 433 452 72 
516 74 447 73 
517 73 447 433 
518 75 441 74 
519 441 447 74 
520 76 439 75 
521 439 441 75 
522 77 448 76 
523 76 448 439 
524 78 431 77 
525 431 448 77 
526 79 451 78 
527 78 451 431 
528 80 438 79 
529 438 451 79 
530 81 444 80 
531 80 444 438 
532 82 443 81 
533 443 444 81 
534 83 437 82 
535 437 443 82 
536 84 454 83 
537 83 454 437 
538 85 434 84 
539 434 454 84 
540 86 450 85 
541 85 450 434 
542 442 450 86 
543 128 422 129 
544 128 432 422 
545 427 432 128 
546 129 429 130 
547 422 458 129 
548 129 458 429 
549 130 421 131 
550 130 460 421 
551 429 460 130 
552 131 426 132 
553 421 433 131 
554 131 433 426 
555 132 425 133 
556 132 456 425 
557 426 456 132 
558 133 423 134 
559 133 431 423 
560 425 431 133 
561 134 430 135 
562 423 457 134 
563 134 457 430 
564 135 424 136 
565 135 459 424 
566 430 459 135 
567 424 434 136 
568 136 434 428 
569 421 452 433 
570 435 452 421 
571 421 460 435 
572 432 453 422 
573 422 453 436 
574 436 458 422 
575 431 451 423 
576 423 451 438 
577 438 457 423 
578 424 454 434 
579 437 454 424 
580 424 459 437 
581 425 448 431 
582 439 448 425 
583 425 456 439 
584 433 447 426 
585 426 447 441 
586 441 456 426 
587 427 449 432 
588 440 449 427 
589 427 455 440 
590 434 450 428 
591 428 450 442 
592 442 455 428 
593 429 446 445 
594 445 460 429 
595 429 458 446 
596 430 444 443 
597 443 459 430 
598 430 457 444 
599 435 460 445 
600 446 458 436 
601 437 459 443 
602 444 457 438 
603 439 456 441 
604 440 455 442 
2 8 2 20
605 20 9 461 
606 9 91 461 
607 10 11 462 
608 88 10 462 
609 11 137 462 
610 140 20 461 
611 89 88 463 
612 137 88 462 
613 88 137 463 
614 90 89 464 
615 138 89 463 
616 89 138 464 
617 91 90 465 
618 139 90 464 
619 90 139 465 
620 91 140 461 
621 140 91 465 
622 137 138 463 
623 138 139 464 
624 139 140 465 
2 9 2 82
625 110 19 484 
626 19 118 487 
627 19 141 484 
628 141 19 487 
629 26 128 485 
630 136 26 486 
631 142 26 485 
632 26 142 486 
633 111 110 483 
634 483 110 484 
635 112 111 479 
636 479 111 483 
637 113 112 473 
638 473 112 479 
639 114 113 477 
640 113 473 477 
641 115 114 471 
642 471 114 477 
643 116 115 474 
644 115 471 474 
645 117 116 472 
646 472 116 474 
647 118 117 480 
648 117 472 480 
649 118 480 487 
650 128 129 482 
651 128 482 485 
652 129 130 470 
653 129 470 482 
654 130 131 475 
655 470 130 475 
656 131 132 469 
657 131 469 475 
658 132 133 476 
659 469 132 476 
660 133 134 468 
661 133 468 476 
662 134 135 478 
663 468 134 478 
664 135 136 481 
665 478 135 481 
666 481 136 486 
667 141 142 466 
668 142 141 467 
669 141 466 484 
670 467 141 487 
671 466 142 485 
672 142 467 486 
673 466 482 483 
674 482 466 485 
675 466 483 484 
676 467 480 481 
677 480 467 487 
678 467 481 486 
679 476 468 489 
680 468 478 488 
681 468 488 489 
682 475 469 491 
683 469 476 490 
684 469 490 491 
685 470 475 492 
686 482 470 494 
687 470 492 494 
688 474 471 489 
689 471 477 490 
690 489 471 490 
691 472 474 488 
692 480 472 493 
693 472 488 493 
694 477 473 491 
695 473 479 492 
696 491 473 492 
697 488 474 489 
698 475 491 492 
699 476 489 490 
700 490 477 491 
701 478 481 493 
702 488 478 493 
703 479 483 494 
704 492 479 494 
705 481 480 493 
706 483 482 494 
2 10 2 22
707 93 496 11 
708 11 496 137 
709 12 496 93 
710 143 496 12 
711 20 499 119 
712 140 499 20 
713 119 499 21 
714 21 499 146 
715 137 495 138 
716 137 496 495 
717 138 497 139 
718 495 497 138 
719 139 498 140 
720 497 498 139 
721 498 499 140 
722 144 495 143 
723 495 496 143 
724 145 497 144 
725 144 497 495 
726 146 498 145 
727 145 498 497 
728 146 499 498 
2 11 2 22
729 12 94 501 
730 143 12 501 
731 94 13 501 
732 13 147 501 
733 120 21 504 
734 21 146 504 
735 22 120 504 
736 150 22 504 
737 144 143 500 
738 500 143 501 
739 145 144 502 
740 144 500 502 
741 146 145 503 
742 145 502 503 
743 146 503 504 
744 147 148 500 
745 147 500 501 
746 148 149 502 
747 500 148 502 
748 149 150 503 
749 502 149 503 
750 503 150 504 
2 12 2 24
751 16 101 509 
752 151 16 509 
753 101 17 509 
754 17 106 509 
755 109 18 508 
756 18 127 508 
757 127 25 510 
758 25 154 510 
759 106 107 506 
760 106 506 509 
761 107 108 505 
762 107 505 506 
763 108 109 507 
764 505 108 507 
765 507 109 508 
766 508 127 510 
767 152 151 506 
768 506 151 509 
769 153 152 505 
770 505 152 506 
771 154 153 507 
772 153 505 507 
773 154 507 508 
774 154 508 510 
2 13 2 26
775 15 100 516 
776 155 15 516 
777 100 16 514 
778 16 151 514 
779 126 24 515 
780 24 158 515 
781 25 126 517 
782 154 25 517 
783 100 514 516 
784 126 515 517 
785 151 152 512 
786 151 512 514 
787 152 153 513 
788 512 152 513 
789 153 154 511 
790 153 511 513 
791 511 154 517 
792 156 155 512 
793 512 155 516 
794 157 156 513 
795 156 512 513 
796 158 157 511 
797 511 157 513 
798 158 511 515 
799 515 511 517 
800 514 512 516 
2 14 2 60
801 99 527 14 
802 14 527 159 
803 15 528 96 
804 155 528 15 
805 23 526 125 
806 162 526 23 
807 122 529 24 
808 24 529 158 
809 27 522 163 
810 169 521 27 
811 521 531 27 
812 27 531 522 
813 96 525 97 
814 96 528 525 
815 97 532 98 
816 525 532 97 
817 98 518 99 
818 98 532 518 
819 518 527 99 
820 123 521 122 
821 521 529 122 
822 124 531 123 
823 123 531 521 
824 125 522 124 
825 522 531 124 
826 125 526 522 
827 156 519 155 
828 519 528 155 
829 157 533 156 
830 156 533 519 
831 158 524 157 
832 524 533 157 
833 158 529 524 
834 159 523 160 
835 159 527 523 
836 160 530 161 
837 523 530 160 
838 161 520 162 
839 161 530 520 
840 520 526 162 
841 163 520 164 
842 163 522 520 
843 164 523 165 
844 520 530 164 
845 164 530 523 
846 165 518 166 
847 165 523 518 
848 166 525 167 
849 518 532 166 
850 166 532 525 
851 167 519 168 
852 167 525 519 
853 168 524 169 
854 519 533 168 
855 168 533 524 
856 169 524 521 
857 523 527 518 
858 525 528 519 
859 522 526 520 
860 524 529 521 
2 15 2 26
861 95 539 13 
862 13 539 147 
863 14 538 95 
864 159 538 14 
865 22 540 121 
866 150 540 22 
867 121 537 23 
868 23 537 162 
869 538 539 95 
870 121 540 537 
871 147 534 148 
872 147 539 534 
873 148 536 149 
874 534 536 148 
875 149 535 150 
876 149 536 535 
877 535 540 150 
878 160 534 159 
879 534 538 159 
880 161 536 160 
881 160 536 534 
882 162 535 161 
883 535 536 161 
884 162 537 535 
885 534 539 538 
886 537 540 535 
2 16 2 990
887 163 968 27 
888 27 964 169 
889 177 964 27 
890 27 968 177 
891 28 970 170 
892 176 963 28 
893 28 963 229 
894 229 970 28 
895 164 904 163 
896 904 968 163 
897 165 591 164 
898 591 904 164 
899 166 909 165 
900 165 909 591 
901 167 582 166 
902 582 909 166 
903 168 935 167 
904 167 935 582 
905 169 599 168 
906 599 935 168 
907 169 964 599 
908 170 912 171 
909 170 970 912 
910 171 590 172 
911 171 912 590 
912 172 925 173 
913 590 925 172 
914 173 585 174 
915 173 925 585 
916 174 939 175 
917 585 939 174 
918 175 605 176 
919 175 939 605 
920 605 963 176 
921 178 593 177 
922 177 773 178 
923 593 964 177 
924 177 968 773 
925 178 589 179 
926 179 594 178 
927 178 773 589 
928 178 594 593 
929 180 587 179 
930 179 774 180 
931 587 594 179 
932 589 774 179 
933 180 561 181 
934 181 763 180 
935 180 774 561 
936 180 763 587 
937 182 581 181 
938 181 961 182 
939 561 961 181 
940 581 763 181 
941 182 541 183 
942 183 760 182 
943 182 961 541 
944 182 760 581 
945 184 558 183 
946 183 829 184 
947 541 829 183 
948 558 760 183 
949 184 565 185 
950 185 779 184 
951 184 779 558 
952 184 829 565 
953 186 542 185 
954 185 847 186 
955 542 779 185 
956 565 847 185 
957 186 569 187 
958 187 817 186 
959 186 817 542 
960 186 847 569 
961 188 815 187 
962 187 954 188 
963 569 954 187 
964 815 817 187 
965 189 543 188 
966 188 953 189 
967 543 815 188 
968 188 954 953 
969 189 566 190 
970 190 818 189 
971 189 818 543 
972 189 953 566 
973 191 563 190 
974 190 834 191 
975 563 818 190 
976 566 834 190 
977 191 544 192 
978 192 859 191 
979 191 834 544 
980 191 859 563 
981 193 578 192 
982 192 819 193 
983 544 819 192 
984 578 859 192 
985 193 559 194 
986 194 808 193 
987 193 819 559 
988 193 808 578 
989 195 545 194 
990 194 864 195 
991 545 808 194 
992 559 864 194 
993 195 570 196 
994 196 800 195 
995 195 800 545 
996 195 864 570 
997 197 579 196 
998 196 836 197 
999 570 836 196 
1000 579 800 196 
1001 197 546 198 
1002 198 846 197 
1003 197 836 546 
1004 197 846 579 
1005 199 556 198 
1006 198 838 199 
1007 546 838 198 
1008 556 846 198 
1009 199 560 200 
1010 200 809 199 
1011 199 809 556 
1012 199 838 560 
1013 201 547 200 
1014 200 866 201 
1015 547 809 200 
1016 560 866 200 
1017 201 571 202 
1018 202 821 201 
1019 201 821 547 
1020 201 866 571 
1021 203 580 202 
1022 202 840 203 
1023 571 840 202 
1024 580 821 202 
1025 203 548 204 
1026 204 857 203 
1027 203 840 548 
1028 203 857 580 
1029 205 562 204 
1030 204 798 205 
1031 548 798 204 
1032 562 857 204 
1033 205 557 206 
1034 206 795 205 
1035 205 798 557 
1036 205 795 562 
1037 207 549 206 
1038 206 868 207 
1039 549 795 206 
1040 557 868 206 
1041 207 572 208 
1042 208 790 207 
1043 207 790 549 
1044 207 868 572 
1045 209 788 208 
1046 208 852 209 
1047 572 852 208 
1048 788 790 208 
1049 210 550 209 
1050 209 574 210 
1051 550 788 209 
1052 209 852 574 
1053 211 824 210 
1054 210 870 211 
1055 210 824 550 
1056 574 870 210 
1057 212 822 211 
1058 211 871 212 
1059 822 824 211 
1060 870 871 211 
1061 213 551 212 
1062 212 573 213 
1063 551 822 212 
1064 212 871 573 
1065 214 828 213 
1066 213 873 214 
1067 213 828 551 
1068 573 873 213 
1069 215 564 214 
1070 214 567 215 
1071 564 828 214 
1072 214 873 567 
1073 215 787 216 
1074 216 855 215 
1075 215 855 564 
1076 567 787 215 
1077 216 552 217 
1078 217 575 216 
1079 216 787 552 
1080 575 855 216 
1081 217 782 218 
1082 218 856 217 
1083 552 782 217 
1084 217 856 575 
1085 219 576 218 
1086 218 785 219 
1087 576 856 218 
1088 782 785 218 
1089 219 553 220 
1090 220 858 219 
1091 219 785 553 
1092 219 858 576 
1093 221 577 220 
1094 220 842 221 
1095 553 842 220 
1096 577 858 220 
1097 221 568 222 
1098 222 861 221 
1099 221 842 568 
1100 221 861 577 
1101 223 583 222 
1102 222 844 223 
1103 568 844 222 
1104 583 861 222 
1105 223 554 224 
1106 224 849 223 
1107 223 844 554 
1108 223 849 583 
1109 225 584 224 
1110 224 780 225 
1111 554 780 224 
1112 584 849 224 
1113 225 555 226 
1114 226 764 225 
1115 225 780 555 
1116 225 764 584 
1117 227 586 226 
1118 226 911 227 
1119 555 911 226 
1120 586 764 226 
1121 227 588 228 
1122 228 600 227 
1123 227 600 586 
1124 227 911 588 
1125 229 592 228 
1126 228 916 229 
1127 588 916 228 
1128 592 600 228 
1129 229 963 592 
1130 916 970 229 
1131 541 961 749 
1132 749 974 541 
1133 541 833 829 
1134 541 974 833 
1135 542 880 779 
1136 817 881 542 
1137 542 881 880 
1138 761 815 543 
1139 543 816 761 
1140 543 818 816 
1141 544 949 819 
1142 834 835 544 
1143 835 949 544 
1144 800 801 545 
1145 801 806 545 
1146 806 808 545 
1147 836 837 546 
1148 837 943 546 
1149 546 943 838 
1150 547 811 809 
1151 547 813 811 
1152 547 821 813 
1153 548 936 798 
1154 840 841 548 
1155 841 936 548 
1156 790 792 549 
1157 792 794 549 
1158 794 795 549 
1159 550 789 788 
1160 550 826 789 
1161 824 826 550 
1162 551 823 822 
1163 551 903 823 
1164 828 903 551 
1165 552 783 782 
1166 552 784 783 
1167 552 787 784 
1168 785 786 553 
1169 786 918 553 
1170 553 918 842 
1171 554 914 780 
1172 844 845 554 
1173 845 914 554 
1174 780 781 555 
1175 781 965 555 
1176 555 965 911 
1177 809 810 556 
1178 810 908 556 
1179 556 908 846 
1180 798 799 557 
1181 799 934 557 
1182 557 934 868 
1183 759 778 558 
1184 558 779 759 
1185 558 778 760 
1186 819 820 559 
1187 820 948 559 
1188 559 948 864 
1189 838 839 560 
1190 839 942 560 
1191 560 942 866 
1192 774 775 561 
1193 775 962 561 
1194 561 962 961 
1195 795 796 562 
1196 796 902 562 
1197 562 902 857 
1198 563 892 818 
1199 859 860 563 
1200 860 892 563 
1201 564 900 828 
1202 855 899 564 
1203 899 900 564 
1204 829 830 565 
1205 830 831 565 
1206 831 847 565 
1207 756 952 566 
1208 566 953 756 
1209 566 971 834 
1210 952 971 566 
1211 567 923 787 
1212 873 874 567 
1213 874 923 567 
1214 842 843 568 
1215 843 917 568 
1216 568 917 844 
1217 847 848 569 
1218 848 966 569 
1219 569 966 954 
1220 570 946 836 
1221 864 865 570 
1222 865 946 570 
1223 571 940 840 
1224 866 867 571 
1225 867 940 571 
1226 572 932 852 
1227 868 869 572 
1228 869 932 572 
1229 871 872 573 
1230 872 927 573 
1231 573 927 873 
1232 852 853 574 
1233 853 854 574 
1234 854 870 574 
1235 575 898 855 
1236 856 897 575 
1237 897 898 575 
1238 576 896 856 
1239 858 895 576 
1240 895 896 576 
1241 577 894 858 
1242 861 863 577 
1243 863 894 577 
1244 578 808 807 
1245 807 891 578 
1246 578 891 859 
1247 579 802 800 
1248 579 804 802 
1249 579 846 804 
1250 580 906 821 
1251 857 901 580 
1252 901 906 580 
1253 757 758 581 
1254 581 760 757 
1255 758 763 581 
1256 582 935 888 
1257 888 972 582 
1258 582 972 909 
1259 849 851 583 
1260 851 862 583 
1261 583 862 861 
1262 764 765 584 
1263 765 850 584 
1264 584 850 849 
1265 585 767 762 
1266 762 939 585 
1267 585 768 767 
1268 585 925 768 
1269 600 601 586 
1270 601 602 586 
1271 602 764 586 
1272 587 595 594 
1273 587 596 595 
1274 587 763 596 
1275 588 905 770 
1276 770 916 588 
1277 772 905 588 
1278 588 911 772 
1279 773 955 589 
1280 589 957 774 
1281 955 957 589 
1282 590 769 768 
1283 768 925 590 
1284 590 770 769 
1285 590 912 770 
1286 591 969 904 
1287 909 910 591 
1288 910 969 591 
1289 592 603 600 
1290 592 605 603 
1291 592 963 605 
1292 594 597 593 
1293 597 599 593 
1294 599 964 593 
1295 595 597 594 
1296 596 755 595 
1297 595 598 597 
1298 595 755 598 
1299 596 776 755 
1300 596 763 758 
1301 758 776 596 
1302 598 888 597 
1303 597 888 599 
1304 750 753 598 
1305 598 755 750 
1306 753 888 598 
1307 888 935 599 
1308 600 603 601 
1309 601 606 602 
1310 603 604 601 
1311 604 606 601 
1312 606 766 602 
1313 602 765 764 
1314 602 766 765 
1315 603 762 604 
1316 605 762 603 
1317 604 607 606 
1318 604 767 607 
1319 762 767 604 
1320 605 939 762 
1321 607 608 606 
1322 608 766 606 
1323 607 609 608 
1324 607 611 609 
1325 607 767 611 
1326 609 610 608 
1327 610 612 608 
1328 612 766 608 
1329 609 713 610 
1330 611 771 609 
1331 609 771 713 
1332 610 613 612 
1333 610 913 613 
1334 713 913 610 
1335 767 768 611 
1336 768 769 611 
1337 769 771 611 
1338 613 614 612 
1339 614 890 612 
1340 612 890 766 
1341 613 615 614 
1342 613 712 615 
1343 613 913 712 
1344 615 616 614 
1345 616 623 614 
1346 623 890 614 
1347 615 617 616 
1348 615 915 617 
1349 712 915 615 
1350 617 618 616 
1351 618 889 616 
1352 616 889 623 
1353 617 619 618 
1354 617 715 619 
1355 617 915 715 
1356 619 620 618 
1357 620 624 618 
1358 624 889 618 
1359 619 621 620 
1360 619 919 621 
1361 715 919 619 
1362 621 622 620 
1363 622 887 620 
1364 620 887 624 
1365 621 625 622 
1366 621 714 625 
1367 621 919 714 
1368 625 626 622 
1369 626 643 622 
1370 643 887 622 
1371 623 851 850 
1372 850 890 623 
1373 623 889 851 
1374 624 863 862 
1375 862 889 624 
1376 624 887 863 
1377 625 627 626 
1378 625 921 627 
1379 714 921 625 
1380 627 628 626 
1381 628 886 626 
1382 626 886 643 
1383 627 629 628 
1384 627 630 629 
1385 627 921 630 
1386 629 631 628 
1387 631 642 628 
1388 642 886 628 
1389 630 922 629 
1390 629 632 631 
1391 629 922 632 
1392 783 922 630 
1393 630 924 783 
1394 630 921 786 
1395 786 924 630 
1396 632 633 631 
1397 633 885 631 
1398 631 885 642 
1399 632 634 633 
1400 632 920 634 
1401 632 922 920 
1402 634 635 633 
1403 635 641 633 
1404 641 885 633 
1405 634 636 635 
1406 634 716 636 
1407 634 920 716 
1408 636 637 635 
1409 637 882 635 
1410 635 882 641 
1411 636 638 637 
1412 636 926 638 
1413 716 926 636 
1414 638 639 637 
1415 639 640 637 
1416 640 882 637 
1417 638 644 639 
1418 638 718 644 
1419 638 926 718 
1420 639 884 640 
1421 644 645 639 
1422 645 884 639 
1423 640 900 882 
1424 884 903 640 
1425 640 903 900 
1426 882 899 641 
1427 641 898 885 
1428 641 899 898 
1429 885 897 642 
1430 642 896 886 
1431 642 897 896 
1432 886 895 643 
1433 643 894 887 
1434 643 895 894 
1435 644 646 645 
1436 644 928 646 
1437 718 928 644 
1438 646 647 645 
1439 647 883 645 
1440 883 884 645 
1441 646 648 647 
1442 646 649 648 
1443 646 928 649 
1444 648 650 647 
1445 650 656 647 
1446 656 883 647 
1447 649 930 648 
1448 648 651 650 
1449 648 930 651 
1450 649 929 854 
1451 854 930 649 
1452 649 928 872 
1453 872 929 649 
1454 651 652 650 
1455 652 827 650 
1456 650 827 656 
1457 651 653 652 
1458 651 931 653 
1459 930 931 651 
1460 653 654 652 
1461 654 893 652 
1462 652 893 827 
1463 653 655 654 
1464 653 719 655 
1465 653 931 719 
1466 655 657 654 
1467 657 661 654 
1468 661 893 654 
1469 655 658 657 
1470 655 933 658 
1471 719 933 655 
1472 656 826 825 
1473 825 883 656 
1474 656 827 826 
1475 658 659 657 
1476 659 793 657 
1477 657 793 661 
1478 658 660 659 
1479 658 721 660 
1480 658 933 721 
1481 660 662 659 
1482 662 674 659 
1483 674 793 659 
1484 660 663 662 
1485 660 937 663 
1486 721 937 660 
1487 661 792 791 
1488 791 893 661 
1489 661 793 792 
1490 663 664 662 
1491 664 797 662 
1492 662 797 674 
1493 663 665 664 
1494 663 720 665 
1495 663 937 720 
1496 665 666 664 
1497 666 675 664 
1498 675 797 664 
1499 665 667 666 
1500 665 938 667 
1501 720 938 665 
1502 667 668 666 
1503 668 879 666 
1504 666 879 675 
1505 667 669 668 
1506 667 727 669 
1507 667 938 727 
1508 669 670 668 
1509 670 673 668 
1510 673 879 668 
1511 669 671 670 
1512 669 941 671 
1513 727 941 669 
1514 671 672 670 
1515 672 812 670 
1516 670 812 673 
1517 671 676 672 
1518 671 740 676 
1519 671 941 740 
1520 676 677 672 
1521 677 684 672 
1522 684 812 672 
1523 812 813 673 
1524 813 906 673 
1525 673 906 879 
1526 674 794 793 
1527 674 796 794 
1528 674 797 796 
1529 675 902 797 
1530 879 901 675 
1531 901 902 675 
1532 676 678 677 
1533 676 944 678 
1534 740 944 676 
1535 678 679 677 
1536 679 814 677 
1537 677 814 684 
1538 678 680 679 
1539 678 739 680 
1540 678 944 739 
1541 680 681 679 
1542 681 685 679 
1543 685 814 679 
1544 680 682 681 
1545 680 945 682 
1546 739 945 680 
1547 682 683 681 
1548 683 803 681 
1549 681 803 685 
1550 682 686 683 
1551 682 741 686 
1552 682 945 741 
1553 686 687 683 
1554 687 690 683 
1555 690 803 683 
1556 810 811 684 
1557 684 814 810 
1558 811 812 684 
1559 803 804 685 
1560 804 908 685 
1561 685 908 814 
1562 686 688 687 
1563 686 947 688 
1564 741 947 686 
1565 688 689 687 
1566 689 805 687 
1567 687 805 690 
1568 688 691 689 
1569 688 743 691 
1570 688 947 743 
1571 691 692 689 
1572 692 699 689 
1573 699 805 689 
1574 801 802 690 
1575 690 805 801 
1576 802 803 690 
1577 691 693 692 
1578 691 950 693 
1579 743 950 691 
1580 693 694 692 
1581 694 907 692 
1582 692 907 699 
1583 693 695 694 
1584 693 742 695 
1585 693 950 742 
1586 695 696 694 
1587 696 700 694 
1588 700 907 694 
1589 695 697 696 
1590 695 951 697 
1591 742 951 695 
1592 697 698 696 
1593 698 878 696 
1594 696 878 700 
1595 697 701 698 
1596 697 744 701 
1597 697 951 744 
1598 701 702 698 
1599 702 711 698 
1600 711 878 698 
1601 699 806 805 
1602 699 807 806 
1603 699 907 807 
1604 700 878 860 
1605 860 891 700 
1606 891 907 700 
1607 701 703 702 
1608 701 876 703 
1609 744 876 701 
1610 703 704 702 
1611 704 877 702 
1612 702 877 711 
1613 703 705 704 
1614 703 707 705 
1615 703 876 707 
1616 705 706 704 
1617 706 708 704 
1618 708 877 704 
1619 705 875 706 
1620 707 745 705 
1621 745 875 705 
1622 706 709 708 
1623 706 710 709 
1624 706 875 710 
1625 707 747 745 
1626 707 756 747 
1627 707 876 756 
1628 709 717 708 
1629 717 761 708 
1630 761 877 708 
1631 710 722 709 
1632 709 881 717 
1633 722 881 709 
1634 710 723 722 
1635 710 724 723 
1636 710 875 724 
1637 711 877 816 
1638 816 892 711 
1639 711 892 878 
1640 712 913 781 
1641 781 914 712 
1642 712 914 845 
1643 845 915 712 
1644 771 772 713 
1645 772 965 713 
1646 713 965 913 
1647 714 918 786 
1648 786 921 714 
1649 843 918 714 
1650 714 919 843 
1651 715 917 843 
1652 843 919 715 
1653 715 915 845 
1654 845 917 715 
1655 716 920 784 
1656 784 923 716 
1657 716 923 874 
1658 874 926 716 
1659 717 815 761 
1660 717 817 815 
1661 717 881 817 
1662 718 927 872 
1663 872 928 718 
1664 718 926 874 
1665 874 927 718 
1666 719 931 853 
1667 853 932 719 
1668 719 932 869 
1669 869 933 719 
1670 799 936 720 
1671 720 937 799 
1672 720 936 841 
1673 841 938 720 
1674 721 934 799 
1675 799 937 721 
1676 721 933 869 
1677 869 934 721 
1678 723 725 722 
1679 725 880 722 
1680 880 881 722 
1681 724 959 723 
1682 723 726 725 
1683 723 959 726 
1684 724 958 832 
1685 832 959 724 
1686 875 967 724 
1687 724 967 958 
1688 726 728 725 
1689 728 759 725 
1690 759 880 725 
1691 726 729 728 
1692 726 730 729 
1693 726 959 730 
1694 727 938 841 
1695 841 940 727 
1696 727 940 867 
1697 867 941 727 
1698 729 731 728 
1699 731 778 728 
1700 728 778 759 
1701 730 777 729 
1702 729 732 731 
1703 729 777 732 
1704 730 973 777 
1705 832 956 730 
1706 730 959 832 
1707 956 973 730 
1708 732 733 731 
1709 733 757 731 
1710 757 778 731 
1711 732 734 733 
1712 732 735 734 
1713 732 777 735 
1714 734 776 733 
1715 733 758 757 
1716 733 776 758 
1717 735 736 734 
1718 736 737 734 
1719 737 776 734 
1720 735 746 736 
1721 735 748 746 
1722 735 777 748 
1723 736 738 737 
1724 736 960 738 
1725 746 960 736 
1726 738 750 737 
1727 750 755 737 
1728 755 776 737 
1729 738 751 750 
1730 738 752 751 
1731 738 960 752 
1732 739 943 837 
1733 837 945 739 
1734 839 943 739 
1735 739 944 839 
1736 740 942 839 
1737 839 944 740 
1738 740 941 867 
1739 867 942 740 
1740 741 945 837 
1741 837 946 741 
1742 741 946 865 
1743 865 947 741 
1744 820 949 742 
1745 742 950 820 
1746 742 949 835 
1747 835 951 742 
1748 743 948 820 
1749 820 950 743 
1750 743 947 865 
1751 865 948 743 
1752 744 951 835 
1753 835 971 744 
1754 744 952 876 
1755 744 971 952 
1756 747 966 745 
1757 745 967 875 
1758 966 967 745 
1759 748 749 746 
1760 749 962 746 
1761 746 962 960 
1762 756 953 747 
1763 953 954 747 
1764 954 966 747 
1765 748 974 749 
1766 777 973 748 
1767 973 974 748 
1768 961 962 749 
1769 751 753 750 
1770 752 754 751 
1771 751 910 753 
1772 754 910 751 
1773 752 957 754 
1774 775 957 752 
1775 752 960 775 
1776 753 972 888 
1777 910 972 753 
1778 754 969 910 
1779 754 957 955 
1780 955 969 754 
1781 876 952 756 
1782 760 778 757 
1783 779 880 759 
1784 816 877 761 
1785 766 890 765 
1786 765 890 850 
1787 770 905 769 
1788 769 905 771 
1789 912 916 770 
1790 771 905 772 
1791 911 965 772 
1792 773 968 904 
1793 904 969 773 
1794 773 969 955 
1795 774 957 775 
1796 960 962 775 
1797 780 914 781 
1798 913 965 781 
1799 783 924 782 
1800 782 924 785 
1801 784 920 783 
1802 920 922 783 
1803 787 923 784 
1804 785 924 786 
1805 789 791 788 
1806 788 791 790 
1807 789 893 791 
1808 826 827 789 
1809 827 893 789 
1810 791 792 790 
1811 793 794 792 
1812 794 796 795 
1813 797 902 796 
1814 798 936 799 
1815 800 802 801 
1816 805 806 801 
1817 802 804 803 
1818 846 908 804 
1819 807 808 806 
1820 807 907 891 
1821 809 811 810 
1822 814 908 810 
1823 811 813 812 
1824 821 906 813 
1825 818 892 816 
1826 819 949 820 
1827 823 825 822 
1828 822 825 824 
1829 823 883 825 
1830 823 884 883 
1831 823 903 884 
1832 825 826 824 
1833 900 903 828 
1834 829 833 830 
1835 830 832 831 
1836 830 956 832 
1837 833 956 830 
1838 832 958 831 
1839 831 848 847 
1840 831 958 848 
1841 833 973 956 
1842 833 974 973 
1843 834 971 835 
1844 836 946 837 
1845 838 943 839 
1846 840 940 841 
1847 842 918 843 
1848 844 917 845 
1849 958 967 848 
1850 848 967 966 
1851 850 851 849 
1852 851 889 862 
1853 852 932 853 
1854 853 931 854 
1855 854 929 870 
1856 854 931 930 
1857 898 899 855 
1858 896 897 856 
1859 857 902 901 
1860 894 895 858 
1861 859 891 860 
1862 878 892 860 
1863 862 863 861 
1864 887 894 863 
1865 864 948 865 
1866 866 942 867 
1867 868 934 869 
1868 870 929 871 
1869 871 929 872 
1870 873 927 874 
1871 879 906 901 
1872 882 900 899 
1873 885 898 897 
1874 886 896 895 
1875 909 972 910 
1876 912 970 916 
2 17 2 40
1877 29 28 978 
1878 28 29 980 
1879 28 170 978 
1880 176 28 980 
1881 230 29 978 
1882 29 244 980 
1883 170 171 975 
1884 231 170 975 
1885 170 231 978 
1886 171 172 976 
1887 171 233 975 
1888 233 171 976 
1889 172 173 977 
1890 172 235 976 
1891 235 172 977 
1892 173 174 979 
1893 173 237 977 
1894 237 173 979 
1895 174 175 982 
1896 174 239 979 
1897 239 174 982 
1898 175 176 981 
1899 241 175 981 
1900 175 241 982 
1901 243 176 980 
1902 176 243 981 
1903 231 230 978 
1904 232 231 975 
1905 233 232 975 
1906 234 233 976 
1907 235 234 976 
1908 236 235 977 
1909 237 236 977 
1910 238 237 979 
1911 239 238 979 
1912 240 239 982 
1913 241 240 982 
1914 242 241 981 
1915 243 242 981 
1916 244 243 980 
2 18 2 66
1917 230 997 29 
1918 29 998 244 
1919 29 997 260 
1920 260 998 29 
1921 30 997 245 
1922 259 998 30 
1923 260 997 30 
1924 30 998 260 
1925 231 988 230 
1926 988 997 230 
1927 232 991 231 
1928 231 991 988 
1929 233 983 232 
1930 983 991 232 
1931 234 984 233 
1932 233 984 983 
1933 235 985 234 
1934 234 985 984 
1935 236 987 235 
1936 235 987 985 
1937 237 990 236 
1938 236 990 987 
1939 238 989 237 
1940 989 990 237 
1941 239 986 238 
1942 986 989 238 
1943 240 994 239 
1944 239 994 986 
1945 241 995 240 
1946 240 995 994 
1947 242 993 241 
1948 993 995 241 
1949 243 992 242 
1950 992 993 242 
1951 244 996 243 
1952 243 996 992 
1953 244 998 996 
1954 245 988 246 
1955 245 997 988 
1956 246 991 247 
1957 988 991 246 
1958 247 983 248 
1959 247 991 983 
1960 248 984 249 
1961 983 984 248 
1962 249 985 250 
1963 984 985 249 
1964 250 987 251 
1965 985 987 250 
1966 251 990 252 
1967 987 990 251 
1968 252 989 253 
1969 252 990 989 
1970 253 986 254 
1971 253 989 986 
1972 254 994 255 
1973 986 994 254 
1974 255 995 256 
1975 994 995 255 
1976 256 993 257 
1977 256 995 993 
1978 257 992 258 
1979 257 993 992 
1980 258 996 259 
1981 992 996 258 
1982 996 998 259 
2 19 2 64
1983 245 1004 30 
1984 30 1015 259 
1985 1004 1015 30 
1986 246 1018 245 
1987 245 1018 1004 
1988 247 999 246 
1989 999 1018 246 
1990 248 1016 247 
1991 247 1016 999 
1992 249 1003 248 
1993 1003 1016 248 
1994 250 1017 249 
1995 249 1017 1003 
1996 251 1001 250 
1997 1001 1017 250 
1998 252 1019 251 
1999 251 1019 1001 
2000 253 1005 252 
2001 1005 1019 252 
2002 254 1014 253 
2003 253 1014 1005 
2004 255 1000 254 
2005 1000 1014 254 
2006 256 1020 255 
2007 255 1020 1000 
2008 257 1006 256 
2009 1006 1020 256 
2010 258 1007 257 
2011 257 1007 1006 
2012 259 1002 258 
2013 1002 1007 258 
2014 259 1015 1002 
2015 1016 1021 999 
2016 999 1023 1018 
2017 1021 1023 999 
2018 1000 1013 1005 
2019 1005 1014 1000 
2020 1000 1020 1013 
2021 1012 1017 1001 
2022 1001 1022 1012 
2023 1019 1022 1001 
2024 1002 1008 1007 
2025 1002 1009 1008 
2026 1002 1015 1009 
2027 1003 1017 1012 
2028 1012 1021 1003 
2029 1003 1021 1016 
2030 1009 1015 1004 
2031 1004 1023 1009 
2032 1018 1023 1004 
2033 1005 1013 1011 
2034 1011 1022 1005 
2035 1005 1022 1019 
2036 1007 1008 1006 
2037 1008 1013 1006 
2038 1013 1020 1006 
2039 1009 1010 1008 
2040 1010 1011 1008 
2041 1011 1013 1008 
2042 1009 1023 1010 
2043 1010 1012 1011 
2044 1010 1021 1012 
2045 1010 1023 1021 
2046 1012 1022 1011 
3 1 4 3072
2047 1065 1071 491 1086 
2048 229 1058 592 1067 
2049 508 515 1084 1088 
2050 529 1084 515 1088 
2051 916 1058 229 1067 
2052 493 459 478 1085 
2053 396 1029 374 1081 
2054 508 515 417 1084 
2055 605 592 1058 1067 
2056 529 417 515 1084 
2057 508 515 517 415 
2058 374 1029 396 1076 
2059 285 1029 446 1052 
2060 762 1058 585 1067 
2061 605 1058 762 1067 
2062 737 1062 738 1068 
2063 508 417 404 1084 
2064 285 1029 1052 1081 
2065 774 1062 180 1068 
2066 459 493 481 1032 
2067 737 755 1062 1068 
2068 508 515 415 417 
2069 433 491 469 1086 
2070 433 1065 491 1086 
2071 1012 1010 1011 1067 
2072 453 327 308 278 
2073 774 775 1062 1068 
2074 585 1058 768 1067 
2075 32 301 450 1037 
2076 308 8 453 278 
2077 415 404 508 417 
2078 768 1058 590 1067 
2079 327 278 453 1029 
2080 333 501 345 1090 
2081 450 1025 32 1037 
2082 453 1029 278 1110 
2083 377 263 1072 1089 
2084 770 1058 916 1067 
2085 1026 1069 144 1082 
2086 144 1026 1082 1090 
2087 596 1062 755 1068 
2088 144 1069 1026 1078 
2089 459 1032 437 1085 
2090 32 450 442 1025 
2091 144 495 1069 1078 
2092 587 180 1062 1068 
2093 145 1069 498 1077 
2094 738 1062 960 1068 
2095 429 446 1029 1052 
2096 145 1028 1069 1077 
2097 481 478 493 459 
2098 770 590 1058 1067 
2099 1024 1069 1026 1082 
2100 587 1062 596 1068 
2101 1012 171 1010 1067 
2102 31 450 301 1037 
2103 360 374 396 1076 
2104 463 89 495 1078 
2105 475 491 433 1065 
2106 469 433 475 491 
2107 498 90 465 1077 
2108 89 1069 495 1078 
2109 483 1029 396 1081 
2110 428 1025 450 1037 
2111 498 1069 90 1077 
2112 228 592 229 1058 
2113 450 428 442 1025 
2114 377 263 386 1072 
2115 960 1062 775 1068 
2116 435 452 287 1065 
2117 222 223 844 1034 
2118 222 583 223 1034 
2119 584 224 849 1034 
2120 355 1069 89 1078 
2121 90 1069 354 1077 
2122 199 838 198 1051 
2123 586 601 600 1058 
2124 222 1034 844 1042 
2125 626 622 643 1035 
2126 222 583 1034 1042 
2127 199 1046 838 1051 
2128 586 600 227 1058 
2129 584 224 1034 1041 
2130 643 626 1035 1049 
2131 788 1038 208 1040 
2132 586 1033 601 1058 
2133 459 437 443 1085 
2134 208 1038 852 1040 
2135 601 1033 606 1058 
2136 706 710 875 1061 
2137 706 875 1056 1061 
2138 850 584 849 1034 
2139 586 227 1033 1058 
2140 604 601 606 1058 
2141 788 208 790 1040 
2142 764 226 225 1041 
2143 862 1034 583 1042 
2144 602 1033 764 1041 
2145 764 1033 226 1041 
2146 765 602 764 1041 
2147 584 1034 850 1041 
2148 1024 1082 1026 1090 
2149 626 625 622 1035 
2150 572 208 852 1040 
2151 574 1038 210 1043 
2152 574 209 210 1038 
2153 889 1034 862 1042 
2154 625 1035 626 1049 
2155 852 1038 932 1040 
2156 851 583 862 1034 
2157 766 612 1033 1041 
2158 623 1034 614 1041 
2159 788 791 1038 1040 
2160 606 1033 607 1058 
2161 889 618 1034 1042 
2162 228 229 916 1058 
2163 396 1029 483 1076 
2164 199 198 556 1051 
2165 851 862 889 1034 
2166 220 1035 553 1049 
2167 604 606 607 1058 
2168 788 790 791 1040 
2169 199 556 1046 1051 
2170 286 390 264 1065 
2171 107 1024 1026 1079 
2172 273 287 452 1065 
2173 32 31 301 1037 
2174 572 852 932 1040 
2175 750 738 737 1062 
2176 1026 1079 1024 1083 
2177 382 275 381 1030 
2178 210 1038 550 1043 
2179 550 210 209 1038 
2180 1024 165 1082 1090 
2181 618 617 1034 1042 
2182 612 608 766 1033 
2183 614 1034 615 1041 
2184 850 1034 623 1041 
2185 1011 1010 1008 1067 
2186 643 1035 894 1049 
2187 789 550 1038 1043 
2188 341 1083 351 1098 
2189 107 1079 1026 1083 
2190 90 354 356 1104 
2191 341 351 342 1098 
2192 470 429 1029 1052 
2193 666 1054 879 1060 
2194 345 501 539 1090 
2195 1026 1069 107 1078 
2196 62 59 90 1104 
2197 666 667 1054 1060 
2198 620 887 1035 1042 
2199 553 1035 918 1049 
2200 605 592 762 1058 
2201 1048 1072 263 1089 
2202 654 1038 661 1040 
2203 750 737 755 1062 
2204 411 420 410 1099 
2205 420 1084 410 1099 
2206 666 879 668 1060 
2207 661 1038 791 1040 
2208 861 221 1035 1042 
2209 91 90 62 1092 
2210 32 89 88 1093 
2211 889 618 616 1034 
2212 538 345 539 1090 
2213 172 1012 1011 1067 
2214 568 1035 221 1042 
2215 666 668 667 1060 
2216 858 1035 220 1049 
2217 445 285 446 1052 
2218 890 623 614 1041 
2219 863 1035 887 1042 
2220 609 1033 771 1058 
2221 789 826 550 1043 
2222 530 1082 164 1090 
2223 895 643 894 1049 
2224 706 1056 709 1061 
2225 607 1033 609 1058 
2226 610 1033 612 1041 
2227 861 1035 863 1042 
2228 706 709 710 1061 
2229 655 1038 654 1040 
2230 142 1103 466 1105 
2231 780 1034 224 1041 
2232 894 1035 858 1049 
2233 108 1069 1028 1077 
2234 219 220 553 1049 
2235 453 278 8 1110 
2236 834 191 1059 1073 
2237 554 224 780 1034 
2238 617 616 618 1034 
2239 89 1078 88 1093 
2240 789 1038 827 1043 
2241 466 1103 1027 1105 
2242 91 1077 90 1092 
2243 861 221 577 1035 
2244 620 624 887 1042 
2245 179 180 774 1062 
2246 143 1078 1026 1098 
2247 914 1034 780 1041 
2248 568 842 221 1035 
2249 620 1035 621 1042 
2250 890 850 623 1041 
2251 554 780 914 1034 
2252 919 621 1035 1042 
2253 390 264 1065 1102 
2254 356 89 355 1069 
2255 90 356 354 1069 
2256 612 610 608 1033 
2257 863 861 577 1035 
2258 437 1032 268 1085 
2259 963 229 592 1067 
2260 108 1028 1024 1088 
2261 32 1025 35 1111 
2262 226 555 225 1041 
2263 203 1054 840 1060 
2264 893 791 661 1038 
2265 652 1038 651 1043 
2266 226 1033 555 1041 
2267 624 863 887 1042 
2268 893 661 654 1038 
2269 613 614 615 1041 
2270 901 879 1054 1060 
2271 167 1024 1079 1083 
2272 355 1078 89 1093 
2273 777 1057 732 1066 
2274 487 1037 1087 1111 
2275 895 894 858 1049 
2276 90 1077 354 1092 
2277 1008 1010 28 1067 
2278 381 275 283 1030 
2279 698 1059 878 1073 
2280 789 827 826 1043 
2281 299 387 59 1027 
2282 219 858 220 1049 
2283 449 300 62 1027 
2284 274 1052 435 1065 
2285 31 1037 32 1111 
2286 878 1059 892 1073 
2287 166 1024 167 1083 
2288 187 1056 569 1061 
2289 287 274 435 1065 
2290 275 1030 382 1036 
2291 731 732 1057 1066 
2292 474 361 1055 1072 
2293 333 1090 338 1098 
2294 1028 1077 146 1099 
2295 486 1025 428 1037 
2296 487 1025 467 1111 
2297 827 1038 652 1043 
2298 143 501 333 1090 
2299 142 141 466 1103 
2300 1024 1026 165 1090 
2301 447 293 273 1086 
2302 709 1056 717 1061 
2303 592 603 762 1058 
2304 834 190 191 1073 
2305 356 89 5 355 
2306 355 107 1069 1078 
2307 32 1037 1025 1111 
2308 619 620 621 1042 
2309 299 60 387 1027 
2310 337 462 347 1078 
2311 108 354 1069 1077 
2312 449 63 300 1027 
2313 445 292 285 1052 
2314 416 461 406 1077 
2315 919 619 621 1042 
2316 1028 1084 1024 1088 
2317 502 144 1082 1090 
2318 141 1025 366 1103 
2319 428 1025 142 1105 
2320 563 1059 191 1073 
2321 261 281 389 1055 
2322 556 908 1046 1051 
2323 729 732 777 1057 
2324 697 1059 698 1073 
2325 817 717 1056 1061 
2326 878 860 892 1059 
2327 892 1059 563 1073 
2328 970 916 229 1067 
2329 814 679 1046 1051 
2330 31 32 1093 1111 
2331 901 1054 580 1060 
2332 333 345 344 1090 
2333 1029 1076 278 1110 
2334 530 536 1082 1090 
2335 360 396 483 1076 
2336 363 377 1072 1089 
2337 611 609 771 1058 
2338 108 1084 1028 1088 
2339 611 607 609 1058 
2340 679 678 1046 1051 
2341 1013 1011 1008 1067 
2342 487 366 1025 1111 
2343 470 1052 1029 1081 
2344 729 731 732 1057 
2345 778 1057 760 1066 
2346 580 1054 203 1060 
2347 768 770 590 1058 
2348 911 1033 227 1058 
2349 473 1065 359 1071 
2350 172 171 1012 1067 
2351 860 563 892 1059 
2352 333 143 1090 1098 
2353 814 1046 908 1051 
2354 1025 1037 467 1111 
2355 187 817 1056 1061 
2356 455 428 142 1105 
2357 141 366 393 1103 
2358 760 1057 183 1066 
2359 315 1071 273 1086 
2360 435 421 452 1065 
2361 142 428 486 1025 
2362 366 141 487 1025 
2363 653 654 655 1038 
2364 341 106 351 1083 
2365 109 410 420 1084 
2366 32 35 1093 1111 
2367 376 280 1036 1055 
2368 650 652 651 1043 
2369 426 433 469 1086 
2370 361 389 376 1055 
2371 458 470 429 1029 
2372 59 62 1092 1104 
2373 190 563 191 1073 
2374 642 631 628 1096 
2375 709 717 881 1061 
2376 970 912 916 1067 
2377 502 1082 536 1090 
2378 645 883 647 1097 
2379 268 1032 1030 1085 
2380 738 752 960 1062 
2381 179 587 180 1062 
2382 645 1044 883 1097 
2383 166 1026 1024 1083 
2384 5 356 354 1104 
2385 677 814 679 1046 
2386 289 386 263 1072 
2387 90 59 354 1104 
2388 458 429 446 1029 
2389 260 28 1015 1004 
2390 629 628 631 1096 
2391 164 1082 165 1090 
2392 650 827 652 1043 
2393 752 775 960 1062 
2394 164 1024 165 1082 
2395 183 1057 541 1066 
2396 203 840 202 1060 
2397 817 881 717 1061 
2398 901 906 879 1060 
2399 463 88 89 1078 
2400 677 679 678 1046 
2401 1 32 298 442 
2402 91 465 90 1077 
2403 1030 1036 284 1085 
2404 834 1059 971 1073 
2405 778 760 757 1066 
2406 285 1052 321 1081 
2407 288 439 448 1048 
2408 276 374 1029 1081 
2409 967 1056 875 1061 
2410 642 1039 631 1096 
2411 451 1055 282 1106 
2412 696 878 698 1059 
2413 467 1025 486 1037 
2414 284 1030 275 1036 
2415 435 1052 421 1065 
2416 646 645 647 1097 
2417 484 466 1027 1076 
2418 365 370 484 1027 
2419 347 462 496 1078 
2420 1024 1079 108 1088 
2421 461 416 499 1077 
2422 556 908 810 1046 
2423 974 1057 973 1066 
2424 646 1044 645 1097 
2425 108 1024 107 1079 
2426 886 642 628 1096 
2427 595 755 596 1062 
2428 487 467 1037 1111 
2429 460 475 421 1052 
2430 275 284 283 1030 
2431 187 569 186 1061 
2432 60 1027 61 1076 
2433 659 793 674 1107 
2434 918 1035 714 1049 
2435 365 1027 484 1103 
2436 380 393 366 1103 
2437 442 428 455 1105 
2438 605 963 592 1067 
2439 1016 999 1021 975 
2440 629 631 1039 1096 
2441 744 1059 697 1073 
2442 664 797 675 1100 
2443 1024 1084 169 1088 
2444 886 628 1049 1096 
2445 664 675 1054 1100 
2446 744 971 1059 1073 
2447 407 401 531 1028 
2448 532 332 338 1026 
2449 61 1027 63 1110 
2450 361 376 1036 1055 
2451 347 330 337 1078 
2452 810 908 814 1046 
2453 1013 1008 175 1067 
2454 486 424 481 1037 
2455 696 698 697 1059 
2456 638 637 639 1091 
2457 89 35 5 355 
2458 416 406 399 1077 
2459 595 596 587 1062 
2460 272 1048 448 1106 
2461 902 1054 675 1100 
2462 142 1025 1103 1105 
2463 901 580 906 1060 
2464 657 793 659 1107 
2465 797 902 675 1100 
2466 363 1072 471 1089 
2467 839 838 1046 1051 
2468 31 1093 1037 1111 
2469 449 63 1027 1110 
2470 390 1065 359 1102 
2471 659 674 1053 1107 
2472 610 913 1033 1041 
2473 395 474 361 1036 
2474 365 387 1027 1103 
2475 427 1027 449 1105 
2476 793 794 674 1107 
2477 841 840 1054 1060 
2478 939 605 762 1067 
2479 580 203 202 1060 
2480 657 1040 793 1107 
2481 484 1027 370 1076 
2482 1008 1009 28 1010 
2483 792 793 1040 1107 
2484 999 1018 170 988 
2485 638 1047 637 1091 
2486 806 1050 699 1108 
2487 480 493 1030 1032 
2488 1024 1028 27 1084 
2489 689 699 1050 1108 
2490 794 1053 674 1107 
2491 182 760 183 1066 
2492 435 460 421 1052 
2493 470 1029 494 1081 
2494 107 1026 1024 1069 
2495 1024 1028 108 1069 
2496 187 186 817 1061 
2497 317 1065 273 1071 
2498 467 142 486 1025 
2499 467 487 141 1025 
2500 792 794 793 1107 
2501 770 916 912 1067 
2502 463 495 88 1078 
2503 375 269 392 1087 
2504 276 1029 374 1076 
2505 442 1025 428 1105 
2506 839 943 838 1051 
2507 886 896 642 1096 
2508 60 61 1027 1092 
2509 63 1027 61 1092 
2510 498 465 91 1077 
2511 647 883 656 1097 
2512 689 805 699 1108 
2513 371 390 286 1065 
2514 273 452 433 1065 
2515 605 762 592 603 
2516 165 1024 166 1026 
2517 106 351 1083 1098 
2518 727 1054 667 1060 
2519 574 854 1038 1043 
2520 805 806 699 1108 
2521 60 370 387 1027 
2522 541 1057 974 1066 
2523 939 762 585 1067 
2524 291 379 385 1089 
2525 176 1008 28 1067 
2526 538 344 345 1090 
2527 270 374 391 1076 
2528 142 1025 141 1103 
2529 163 1028 1024 1082 
2530 998 980 1015 260 
2531 647 656 1043 1097 
2532 347 496 330 1078 
2533 627 1049 628 1096 
2534 769 770 768 1058 
2535 475 433 421 1065 
2536 263 1048 314 1072 
2537 424 1032 481 1037 
2538 4 1087 1037 1111 
2539 399 499 416 1077 
2540 469 1048 456 1086 
2541 380 1103 366 1111 
2542 727 938 667 1054 
2543 59 1027 387 1103 
2544 62 449 1027 1105 
2545 109 1084 420 1099 
2546 627 628 629 1096 
2547 436 327 453 1029 
2548 34 4 1037 1111 
2549 366 1103 1025 1111 
2550 1011 1013 174 1067 
2551 637 640 639 1091 
2552 884 1044 639 1091 
2553 487 1037 467 1087 
2554 421 1052 475 1065 
2555 439 271 441 1048 
2556 739 1046 678 1051 
2557 182 183 541 1066 
2558 687 1045 805 1108 
2559 664 662 797 1100 
2560 973 1057 777 1066 
2561 909 1031 591 1080 
2562 338 1090 1026 1098 
2563 471 1072 1048 1089 
2564 841 940 840 1060 
2565 772 771 1033 1058 
2566 662 1053 797 1100 
2567 169 1024 27 1084 
2568 61 63 8 1110 
2569 107 106 1026 1078 
2570 774 775 957 1062 
2571 655 719 1038 1040 
2572 502 145 536 1082 
2573 481 467 1037 1087 
2574 363 471 394 1089 
2575 361 1036 474 1055 
2576 363 394 377 1089 
2577 278 327 310 1029 
2578 637 1047 640 1091 
2579 647 1043 648 1097 
2580 639 1044 644 1091 
2581 375 362 397 1030 
2582 966 1056 967 1061 
2583 569 1056 966 1061 
2584 1023 1004 978 1018 
2585 1012 1010 171 1021 
2586 886 1049 896 1096 
2587 368 382 381 1030 
2588 201 1060 571 1074 
2589 168 1024 167 1031 
2590 436 446 267 1029 
2591 268 1030 307 1085 
2592 272 448 323 1106 
2593 632 1039 633 1064 
2594 657 659 658 1107 
2595 931 651 1038 1043 
2596 792 549 794 1107 
2597 315 317 273 1071 
2598 32 442 1 1025 
2599 615 1034 712 1041 
2600 487 1087 372 1111 
2601 164 1024 163 1031 
2602 395 361 376 1036 
2603 980 1015 1009 1002 
2604 610 913 713 1033 
2605 109 108 1028 1077 
2606 390 359 373 1102 
2607 560 1046 200 1074 
2608 883 825 656 1097 
2609 442 1 1025 1105 
2610 166 167 1024 1031 
2611 304 1055 451 1101 
2612 689 687 805 1108 
2613 885 633 1039 1064 
2614 490 1086 1071 1089 
2615 422 1029 453 1110 
2616 965 1033 913 1041 
2617 744 951 697 1059 
2618 532 338 518 1026 
2619 638 639 644 1091 
2620 715 1034 617 1042 
2621 646 647 648 1097 
2622 165 1024 164 1031 
2623 8 278 61 1110 
2624 522 407 531 1028 
2625 447 273 433 1086 
2626 341 342 1083 1098 
2627 570 1045 196 1070 
2628 669 1060 670 1074 
2629 166 1024 165 1031 
2630 673 670 1060 1074 
2631 215 567 1047 1064 
2632 338 518 1026 1090 
2633 174 986 994 1014 
2634 261 389 369 1055 
2635 792 1040 549 1107 
2636 197 1051 546 1070 
2637 941 1060 669 1074 
2638 796 902 797 1100 
2639 5 35 380 297 
2640 481 1037 1032 1087 
2641 278 1076 61 1110 
2642 434 424 486 1037 
2643 796 797 1053 1100 
2644 830 1057 829 1063 
2645 843 1035 568 1042 
2646 800 196 1045 1070 
2647 944 678 739 1046 
2648 27 1024 163 1028 
2649 564 1047 899 1064 
2650 636 635 1047 1064 
2651 387 370 365 1027 
2652 564 215 1047 1064 
2653 1036 1055 324 1101 
2654 411 410 1084 1099 
2655 272 1072 1048 1106 
2656 809 200 1046 1074 
2657 285 267 446 1029 
2658 805 1045 801 1108 
2659 885 1039 898 1064 
2660 751 1062 753 1080 
2661 772 905 771 1058 
2662 1009 28 1010 1023 
2663 680 1051 681 1070 
2664 846 1051 197 1070 
2665 493 1036 1030 1085 
2666 560 942 1046 1074 
2667 635 882 1047 1064 
2668 172 1012 1022 1011 
2669 480 1032 1030 1087 
2670 681 1051 685 1070 
2671 310 278 1029 1076 
2672 568 843 842 1035 
2673 291 385 262 1089 
2674 680 945 1051 1070 
2675 1016 171 984 983 
2676 478 1085 457 1101 
2677 451 304 282 1055 
2678 984 1003 171 1016 
2679 292 321 285 1052 
2680 184 829 1057 1063 
2681 382 1030 368 1036 
2682 483 494 1029 1081 
2683 923 1047 567 1064 
2684 657 658 1040 1107 
2685 315 273 293 1086 
2686 884 639 640 1091 
2687 89 144 495 1069 
2688 145 90 498 1069 
2689 956 1057 830 1063 
2690 931 930 651 1043 
2691 664 663 662 1100 
2692 786 553 918 1049 
2693 60 61 7 1076 
2694 613 615 712 1041 
2695 299 59 60 1027 
2696 272 288 448 1048 
2697 216 1039 552 1064 
2698 705 1056 707 1075 
2699 735 1066 734 1068 
2700 520 530 536 1082 
2701 684 1046 672 1074 
2702 493 488 1036 1085 
2703 1027 1076 466 1110 
2704 899 1047 882 1064 
2705 617 715 915 1034 
2706 62 300 63 1027 
2707 472 474 395 1036 
2708 357 340 339 1078 
2709 555 1033 965 1041 
2710 409 358 408 1077 
2711 476 456 469 1048 
2712 897 1039 642 1096 
2713 429 445 446 1052 
2714 493 478 488 1085 
2715 673 1060 813 1074 
2716 1013 175 174 1067 
2717 997 260 1004 978 
2718 694 700 1059 1094 
2719 825 1043 656 1097 
2720 167 1024 168 1079 
2721 1008 176 175 1067 
2722 672 1046 676 1074 
2723 805 801 806 1108 
2724 575 1039 216 1064 
2725 590 925 768 1067 
2726 728 1057 726 1063 
2727 911 227 588 1058 
2728 28 1010 170 1067 
2729 956 730 1057 1063 
2730 60 370 1027 1076 
2731 163 1024 27 1031 
2732 386 363 377 1072 
2733 925 585 768 1067 
2734 566 1073 952 1075 
2735 439 288 271 1048 
2736 170 1010 171 1067 
2737 570 946 1045 1070 
2738 261 305 1055 1072 
2739 487 372 366 1111 
2740 318 1052 1065 1102 
2741 815 188 1056 1075 
2742 898 1039 575 1064 
2743 719 653 655 1038 
2744 746 1066 735 1068 
2745 796 562 902 1100 
2746 759 1057 728 1063 
2747 980 28 1015 260 
2748 475 460 470 1052 
2749 1018 170 1023 999 
2750 333 344 338 1090 
2751 385 1071 262 1089 
2752 831 847 1061 1063 
2753 142 467 141 1025 
2754 379 291 377 1089 
2755 375 362 1030 1087 
2756 913 965 713 1033 
2757 689 688 687 1108 
2758 215 787 567 1064 
2759 823 883 1044 1097 
2760 722 1061 880 1063 
2761 688 1045 687 1108 
2762 404 417 412 1084 
2763 473 479 398 1102 
2764 359 1065 473 1102 
2765 285 320 1029 1081 
2766 560 200 866 1074 
2767 632 633 634 1064 
2768 558 1057 759 1063 
2769 752 957 775 1062 
2770 185 1061 847 1063 
2771 857 1054 902 1100 
2772 33 34 4 1037 
2773 351 357 339 1078 
2774 885 641 633 1064 
2775 809 1046 811 1074 
2776 375 1030 277 1087 
2777 358 420 408 1077 
2778 967 745 875 1056 
2779 839 1046 739 1051 
2780 427 449 1027 1110 
2781 821 1060 201 1074 
2782 815 1056 761 1075 
2783 932 1038 719 1040 
2784 483 396 479 1081 
2785 369 1055 361 1072 
2786 383 384 290 1081 
2787 841 1054 727 1060 
2788 830 829 565 1063 
2789 485 466 1027 1105 
2790 466 484 1027 1103 
2791 184 1057 558 1063 
2792 472 1030 493 1036 
2793 426 469 456 1086 
2794 570 196 836 1070 
2795 1037 1093 34 1111 
2796 734 1066 733 1068 
2797 897 642 896 1096 
2798 723 1061 722 1063 
2799 1011 173 172 1067 
2800 926 1047 638 1091 
2801 831 1061 958 1063 
2802 168 1079 1024 1088 
2803 1017 976 1003 1012 
2804 928 1044 646 1097 
2805 663 1053 662 1100 
2806 994 1000 174 1014 
2807 977 1001 1019 1022 
2808 748 974 973 1066 
2809 362 480 397 1030 
2810 173 1019 990 989 
2811 836 197 546 1070 
2812 923 567 787 1064 
2813 31 349 33 1093 
2814 502 500 144 1090 
2815 189 818 1073 1075 
2816 560 866 942 1074 
2817 324 1036 280 1055 
2818 564 855 215 1064 
2819 952 1073 876 1075 
2820 169 1024 168 1031 
2821 564 899 855 1064 
2822 287 318 274 1065 
2823 733 1066 758 1068 
2824 418 63 61 1092 
2825 866 201 571 1074 
2826 796 1053 562 1100 
2827 107 1024 108 1069 
2828 430 457 478 1085 
2829 811 1046 684 1074 
2830 686 683 1045 1070 
2831 635 641 882 1064 
2832 371 1065 286 1071 
2833 170 1021 1023 999 
2834 885 898 641 1064 
2835 880 1061 542 1063 
2836 683 690 1045 1070 
2837 539 501 500 1090 
2838 794 795 1053 1107 
2839 692 1050 907 1094 
2840 332 1026 532 1083 
2841 401 531 1028 1084 
2842 314 1048 272 1072 
2843 332 1083 342 1098 
2844 914 712 1034 1041 
2845 184 565 829 1063 
2846 34 1037 33 1093 
2847 359 473 398 1102 
2848 430 478 459 1085 
2849 451 282 431 1106 
2850 891 1059 700 1094 
2851 305 1055 1072 1106 
2852 800 1045 802 1070 
2853 685 1051 804 1070 
2854 972 582 1031 1080 
2855 359 1065 371 1071 
2856 480 481 493 1032 
2857 629 1039 922 1096 
2858 931 1038 854 1043 
2859 471 477 394 1089 
2860 318 1052 274 1065 
2861 974 833 973 1057 
2862 636 634 635 1064 
2863 331 143 333 1098 
2864 991 999 170 988 
2865 854 853 574 1038 
2866 322 268 307 1085 
2867 542 1061 185 1063 
2868 286 1065 317 1071 
2869 693 1050 692 1094 
2870 281 324 280 1055 
2871 681 685 803 1070 
2872 909 972 1031 1080 
2873 545 806 801 1108 
2874 909 591 910 1080 
2875 265 1036 324 1101 
2876 401 411 1084 1099 
2877 641 899 882 1064 
2878 146 400 402 1099 
2879 659 1053 660 1107 
2880 774 180 561 1068 
2881 804 1051 846 1070 
2882 884 903 1044 1091 
2883 145 1069 1028 1082 
2884 562 857 902 1100 
2885 704 1056 705 1075 
2886 823 825 883 1097 
2887 669 670 671 1074 
2888 730 726 1057 1063 
2889 941 669 671 1074 
2890 816 1073 818 1075 
2891 711 1073 816 1075 
2892 545 801 1045 1108 
2893 807 1050 578 1094 
2894 331 333 338 1098 
2895 384 396 374 1081 
2896 276 384 374 1081 
2897 435 274 445 1052 
2898 310 270 278 1076 
2899 570 836 946 1070 
2900 332 341 342 1083 
2901 410 401 411 1084 
2902 680 681 682 1070 
2903 727 841 938 1054 
2904 807 907 1050 1094 
2905 469 433 131 475 
2906 385 286 262 1071 
2907 673 812 670 1074 
2908 383 290 266 1081 
2909 261 1055 369 1072 
2910 680 682 945 1070 
2911 271 441 1048 1086 
2912 664 1054 665 1100 
2913 839 739 943 1051 
2914 694 693 692 1094 
2915 407 402 400 1099 
2916 163 1024 164 1082 
2917 318 319 1052 1102 
2918 325 438 444 1101 
2919 702 1073 711 1075 
2920 794 549 795 1107 
2921 761 1056 708 1075 
2922 536 145 535 1082 
2923 310 1029 276 1076 
2924 33 1037 4 1087 
2925 1028 1069 1024 1082 
2926 703 705 707 1075 
2927 289 261 386 1072 
2928 529 521 417 1084 
2929 61 1076 1027 1110 
2930 434 1032 424 1037 
2931 694 907 700 1094 
2932 736 735 734 1068 
2933 351 106 1078 1098 
2934 884 640 903 1091 
2935 581 1066 181 1068 
2936 530 523 536 1090 
2937 441 439 75 271 
2938 291 377 47 379 
2939 478 488 1085 1101 
2940 474 1055 489 1072 
2941 774 561 775 1068 
2942 490 1048 1086 1089 
2943 286 317 315 1071 
2944 1011 174 173 1067 
2945 517 510 508 415 
2946 1027 1105 427 1110 
2947 263 377 291 1089 
2948 751 753 910 1080 
2949 581 758 1066 1068 
2950 448 1048 425 1106 
2951 446 445 69 285 
2952 145 503 535 1082 
2953 813 1060 821 1074 
2954 843 919 1035 1042 
2955 485 142 466 1105 
2956 466 141 484 1103 
2957 809 547 200 1074 
2958 289 263 314 1072 
2959 109 420 1077 1099 
2960 815 543 188 1075 
2961 845 1034 715 1042 
2962 802 1045 690 1070 
2963 958 1061 724 1063 
2964 1036 1085 488 1101 
2965 41 290 383 384 
2966 769 590 768 770 
2967 145 503 1082 1095 
2968 566 189 1073 1075 
2969 532 518 166 1026 
2970 28 1009 1015 1004 
2971 522 407 1028 1095 
2972 1010 170 1021 1023 
2973 381 382 53 275 
2974 770 912 590 1067 
2975 787 216 552 1064 
2976 1 296 62 1105 
2977 368 1030 472 1036 
2978 27 1024 169 1031 
2979 806 808 1050 1108 
2980 168 1024 169 1088 
2981 900 640 1047 1091 
2982 507 508 1084 1088 
2983 746 735 736 1068 
2984 954 1056 188 1075 
2985 317 287 273 1065 
2986 800 579 196 1070 
2987 286 264 317 1065 
2988 673 813 812 1074 
2989 536 502 535 145 
2990 490 471 1048 1089 
2991 1004 260 28 978 
2992 477 490 1071 1089 
2993 270 310 276 1076 
2994 694 692 907 1094 
2995 917 845 715 1042 
2996 841 727 940 1060 
2997 691 689 1050 1108 
2998 702 701 1073 1075 
2999 448 288 76 439 
3000 145 1028 146 1082 
3001 277 303 269 1032 
3002 28 1009 1004 1023 
3003 146 1082 1028 1095 
3004 815 761 543 1075 
3005 967 966 745 1056 
3006 269 375 277 1087 
3007 492 473 1065 1102 
3008 390 371 359 1065 
3009 753 1062 598 1080 
3010 433 452 421 1065 
3011 270 276 374 1076 
3012 931 854 930 1043 
3013 473 491 1065 1071 
3014 961 1066 749 1068 
3015 704 708 1056 1075 
3016 579 846 197 1070 
3017 530 164 523 1090 
3018 478 457 468 1101 
3019 907 891 700 1094 
3020 272 305 1072 1106 
3021 440 296 1 1105 
3022 987 985 1017 172 
3023 3 309 454 1032 
3024 480 1030 362 1087 
3025 685 804 803 1070 
3026 1001 987 1017 172 
3027 145 1082 146 1095 
3028 274 292 445 1052 
3029 756 566 952 1075 
3030 831 565 847 1063 
3031 725 728 726 1063 
3032 279 3 33 1032 
3033 266 1081 1052 1102 
3034 323 305 272 1106 
3035 1021 171 1003 1016 
3036 944 739 839 1046 
3037 722 880 725 1063 
3038 855 575 216 1064 
3039 876 1073 701 1075 
3040 412 417 521 1084 
3041 48 386 377 263 
3042 469 490 1048 1086 
3043 855 898 575 1064 
3044 535 502 503 145 
3045 503 535 1082 1095 
3046 484 360 483 1076 
3047 725 759 728 1063 
3048 33 1037 31 1093 
3049 379 46 291 385 
3050 351 106 357 1078 
3051 500 501 143 1090 
3052 565 185 847 1063 
3053 107 1026 106 1083 
3054 108 109 1028 1084 
3055 971 835 744 1059 
3056 975 1016 999 991 
3057 812 684 672 1074 
3058 974 541 833 1057 
3059 723 724 1061 1063 
3060 109 420 358 1077 
3061 897 896 856 1096 
3062 859 1059 891 1094 
3063 520 536 535 1082 
3064 292 69 445 285 
3065 744 835 951 1059 
3066 772 588 905 1058 
3067 513 533 524 1088 
3068 723 722 725 1063 
3069 456 132 476 469 
3070 474 471 115 1072 
3071 444 1085 325 1101 
3072 295 59 378 1103 
3073 440 62 296 1105 
3074 527 344 538 1090 
3075 776 734 733 1068 
3076 737 776 755 1068 
3077 488 472 493 1036 
3078 888 935 582 1031 
3079 114 471 477 394 
3080 598 1062 597 1080 
3081 290 384 276 1081 
3082 695 694 1059 1094 
3083 658 659 660 1107 
3084 748 973 777 1066 
3085 290 266 41 383 
3086 449 432 63 1110 
3087 867 571 1060 1074 
3088 323 282 305 1106 
3089 888 1031 582 1080 
3090 204 1054 857 1100 
3091 807 578 891 1094 
3092 283 381 53 275 
3093 999 170 1021 975 
3094 330 1078 496 1098 
3095 897 856 1039 1096 
3096 59 1092 1027 1104 
3097 779 558 759 1063 
3098 738 736 737 1068 
3099 776 733 758 1068 
3100 483 479 494 1081 
3101 1027 1092 62 1104 
3102 809 811 547 1074 
3103 535 520 1082 1095 
3104 707 1056 747 1075 
3105 368 472 395 1036 
3106 374 360 391 1076 
3107 552 1039 784 1064 
3108 848 569 966 1061 
3109 546 1051 837 1070 
3110 532 1026 166 1083 
3111 62 1027 63 1092 
3112 59 60 1027 1092 
3113 189 543 818 1075 
3114 370 360 484 1076 
3115 376 280 382 1036 
3116 474 489 471 1072 
3117 848 966 967 1061 
3118 904 1031 968 1080 
3119 439 425 448 1048 
3120 703 704 705 1075 
3121 807 891 907 1094 
3122 356 355 107 1069 
3123 108 354 356 1069 
3124 499 1077 399 1099 
3125 1021 171 1016 975 
3126 779 184 558 1063 
3127 492 1065 1052 1102 
3128 562 204 857 1100 
3129 671 672 676 1074 
3130 338 332 342 1098 
3131 397 472 368 1030 
3132 446 68 436 267 
3133 492 1052 1081 1102 
3134 470 458 482 1029 
3135 1014 986 989 979 
3136 507 1084 109 1088 
3137 288 75 439 271 
3138 113 477 473 1071 
3139 173 172 1022 1011 
3140 321 1052 266 1081 
3141 888 935 1031 1080 
3142 562 1053 205 1100 
3143 445 435 70 274 
3144 823 1044 822 1097 
3145 632 920 1039 1064 
3146 411 401 407 1099 
3147 505 153 507 1088 
3148 145 144 1069 1082 
3149 263 377 47 291 
3150 513 1079 533 1088 
3151 806 545 808 1108 
3152 576 896 1049 1096 
3153 492 1081 479 1102 
3154 663 664 665 1100 
3155 481 1032 480 1087 
3156 107 355 106 1078 
3157 3 33 1032 1037 
3158 531 27 522 1028 
3159 414 504 402 1095 
3160 59 387 378 1103 
3161 62 440 449 1105 
3162 282 1055 305 1106 
3163 109 354 108 1077 
3164 683 803 690 1070 
3165 338 344 518 1090 
3166 543 816 818 1075 
3167 1014 174 986 979 
3168 294 43 373 390 
3169 280 324 265 1036 
3170 206 795 549 1107 
3171 821 201 547 1074 
3172 825 824 1043 1097 
3173 730 959 726 1063 
3174 405 406 328 1092 
3175 329 337 336 1093 
3176 206 1053 795 1107 
3177 823 822 825 1097 
3178 481 467 486 1037 
3179 740 676 1046 1074 
3180 318 294 319 1102 
3181 715 845 915 1034 
3182 549 1040 207 1107 
3183 265 438 325 1101 
3184 436 458 446 1029 
3185 505 513 153 1088 
3186 812 811 684 1074 
3187 518 165 1026 1090 
3188 756 952 876 1075 
3189 702 703 701 1075 
3190 508 109 507 1084 
3191 169 1084 521 1088 
3192 955 589 1062 1080 
3193 1015 1009 28 980 
3194 534 500 502 1090 
3195 472 397 480 1030 
3196 33 1032 1037 1087 
3197 330 143 331 1098 
3198 900 1047 828 1091 
3199 473 477 491 1071 
3200 1079 1083 106 1109 
3201 306 325 1085 1101 
3202 267 327 436 1029 
3203 505 108 1079 1088 
3204 313 1086 1048 1089 
3205 170 1010 28 1023 
3206 1007 176 1002 996 
3207 90 464 89 1069 
3208 686 1045 741 1070 
3209 989 173 1019 1005 
3210 636 1047 716 1064 
3211 338 1026 332 1098 
3212 800 802 579 1070 
3213 369 389 361 1055 
3214 978 28 1004 1023 
3215 33 279 1032 1087 
3216 433 131 426 469 
3217 372 1087 4 1111 
3218 261 305 282 1055 
3219 399 400 146 1099 
3220 479 367 398 1102 
3221 436 453 422 1029 
3222 587 596 763 1068 
3223 488 474 1036 1055 
3224 481 480 467 1087 
3225 485 1105 1027 1110 
3226 956 832 730 1063 
3227 1009 980 1002 176 
3228 192 1059 859 1094 
3229 1010 170 171 1021 
3230 181 1066 961 1068 
3231 579 804 846 1070 
3232 978 1004 997 1018 
3233 876 701 703 1075 
3234 599 1031 935 1080 
3235 320 276 1029 1081 
3236 954 747 1056 1075 
3237 776 596 755 1068 
3238 505 108 107 1079 
3239 1023 978 170 1018 
3240 318 319 274 1052 
3241 854 931 853 1038 
3242 193 578 1050 1094 
3243 34 372 4 1111 
3244 180 587 763 1068 
3245 456 439 441 1048 
3246 341 335 106 1083 
3247 404 410 109 1084 
3248 431 323 448 1106 
3249 176 1007 992 996 
3250 909 972 582 1031 
3251 503 504 540 1095 
3252 779 880 542 1063 
3253 267 446 68 285 
3254 429 470 460 1052 
3255 473 492 479 1102 
3256 1022 1019 977 173 
3257 262 45 286 385 
3258 293 73 447 273 
3259 280 275 382 1036 
3260 1018 978 170 988 
3261 711 816 877 1075 
3262 591 1031 969 1080 
3263 646 648 649 1097 
3264 956 830 832 1063 
3265 630 627 629 1096 
3266 638 644 718 1091 
3267 171 1016 975 983 
3268 262 291 46 385 
3269 376 389 51 280 
3270 292 445 70 274 
3271 107 106 1079 1083 
3272 835 971 834 1059 
3273 313 316 1086 1089 
3274 527 538 523 1090 
3275 441 456 1048 1086 
3276 60 7 370 1076 
3277 146 402 1095 1099 
3278 475 1052 492 1065 
3279 900 903 640 1091 
3280 434 486 428 1037 
3281 723 959 724 1063 
3282 266 383 1081 1102 
3283 382 376 52 280 
3284 691 688 689 1108 
3285 401 1028 407 1099 
3286 166 518 165 1026 
3287 472 116 395 474 
3288 779 542 185 1063 
3289 909 910 972 1080 
3290 578 859 891 1094 
3291 468 478 134 457 
3292 686 682 683 1070 
3293 803 802 690 1070 
3294 867 1060 941 1074 
3295 1008 28 1009 176 
3296 644 1044 718 1091 
3297 553 220 842 1035 
3298 531 27 1028 1084 
3299 904 969 1031 1080 
3300 427 455 142 1105 
3301 393 365 141 1103 
3302 194 1050 808 1108 
3303 340 337 339 1078 
3304 873 214 567 1047 
3305 408 406 409 1077 
3306 432 453 8 1110 
3307 219 785 218 1049 
3308 44 264 286 390 
3309 72 452 273 287 
3310 648 1043 649 1097 
3311 545 1045 195 1108 
3312 614 623 616 1034 
3313 702 711 877 1075 
3314 658 933 1040 1107 
3315 508 154 510 517 
3316 323 431 282 1106 
3317 522 1028 163 1095 
3318 485 1027 466 1110 
3319 877 761 708 1075 
3320 470 130 460 475 
3321 313 1048 263 1089 
3322 836 546 837 1070 
3323 506 1079 106 1109 
3324 578 192 859 1094 
3325 295 5 59 1103 
3326 740 1046 942 1074 
3327 217 552 216 1039 
3328 112 473 479 398 
3329 505 1079 513 1088 
3330 630 1049 627 1096 
3331 468 1101 423 1106 
3332 937 1053 663 1100 
3333 950 1050 693 1094 
3334 43 294 264 390 
3335 262 1071 316 1089 
3336 813 821 547 1074 
3337 889 624 618 1042 
3338 502 144 145 1082 
3339 614 616 615 1034 
3340 269 1032 279 1087 
3341 608 607 606 1033 
3342 355 352 1078 1093 
3343 476 425 456 1048 
3344 468 1055 1101 1106 
3345 3 279 309 1032 
3346 267 310 327 1029 
3347 354 1077 353 1092 
3348 798 205 557 1053 
3349 285 321 320 1081 
3350 386 261 369 1072 
3351 282 323 78 451 
3352 524 169 521 1088 
3353 553 842 918 1035 
3354 852 208 209 1038 
3355 492 494 479 1081 
3356 602 606 601 1033 
3357 536 534 502 1090 
3358 889 862 624 1042 
3359 217 216 575 1039 
3360 442 440 1 1105 
3361 873 214 1047 1091 
3362 576 219 218 1049 
3363 632 634 920 1064 
3364 586 227 226 1033 
3365 304 324 1055 1101 
3366 421 131 433 475 
3367 209 208 788 1038 
3368 1016 975 983 991 
3369 976 1017 172 1012 
3370 143 1026 144 1090 
3371 849 223 583 1034 
3372 602 601 586 1033 
3373 844 223 554 1034 
3374 849 224 223 1034 
3375 414 540 504 1095 
3376 228 227 600 1058 
3377 560 838 199 1046 
3378 654 661 657 1040 
3379 606 766 608 1033 
3380 209 574 852 1038 
3381 224 584 225 1041 
3382 828 1047 214 1091 
3383 741 1045 946 1070 
3384 350 33 349 1093 
3385 947 1045 688 1108 
3386 969 591 904 1031 
3387 218 1049 785 1096 
3388 1012 976 1003 171 
3389 868 207 572 1040 
3390 977 1001 987 1019 
3391 738 960 736 1068 
3392 481 424 459 1032 
3393 568 222 844 1042 
3394 867 866 571 1074 
3395 858 577 220 1035 
3396 655 654 657 1040 
3397 559 819 193 1050 
3398 837 1051 945 1070 
3399 570 195 196 1045 
3400 224 554 223 1034 
3401 612 766 890 1041 
3402 418 61 419 1092 
3403 222 861 583 1042 
3404 226 764 586 1033 
3405 849 583 851 1034 
3406 323 282 431 451 
3407 573 871 212 1044 
3408 831 847 848 1061 
3409 864 195 570 1045 
3410 622 887 643 1035 
3411 581 181 763 1068 
3412 633 631 885 1039 
3413 1028 1082 163 1095 
3414 705 745 707 1056 
3415 533 1079 168 1088 
3416 295 378 5 1103 
3417 631 642 885 1039 
3418 1028 1095 407 1099 
3419 887 622 620 1035 
3420 546 197 198 1051 
3421 261 50 389 281 
3422 626 886 628 1049 
3423 574 210 870 1043 
3424 564 214 828 1047 
3425 764 602 586 1033 
3426 861 862 583 1042 
3427 551 1044 903 1091 
3428 205 1053 798 1100 
3429 645 639 884 1044 
3430 870 210 211 1043 
3431 619 617 618 1042 
3432 49 386 289 261 
3433 633 632 631 1039 
3434 838 546 198 1051 
3435 572 207 208 1040 
3436 581 763 758 1068 
3437 606 602 766 1033 
3438 626 643 886 1049 
3439 225 584 764 1041 
3440 849 851 850 1034 
3441 178 1062 589 1080 
3442 766 765 890 1041 
3443 629 631 632 1039 
3444 213 573 212 1044 
3445 280 52 382 275 
3446 200 560 199 1046 
3447 221 861 222 1042 
3448 221 222 568 1042 
3449 576 1049 218 1096 
3450 705 706 875 1056 
3451 304 451 438 1101 
3452 396 367 479 1081 
3453 584 765 764 1041 
3454 443 82 322 437 
3455 217 782 552 1039 
3456 790 208 207 1040 
3457 623 850 851 1034 
3458 597 1062 594 1080 
3459 194 808 545 1108 
3460 705 875 745 1056 
3461 203 548 840 1054 
3462 612 890 614 1041 
3463 600 592 228 1058 
3464 488 474 472 1036 
3465 193 1050 819 1094 
3466 672 684 677 1046 
3467 612 614 613 1041 
3468 407 1095 402 1099 
3469 173 1019 977 990 
3470 672 677 676 1046 
3471 3 1032 434 1037 
3472 642 897 885 1039 
3473 571 201 202 1060 
3474 63 432 8 1110 
3475 108 109 1084 1088 
3476 781 965 913 1041 
3477 76 272 288 448 
3478 220 577 221 1035 
3479 171 1003 1012 1021 
3480 220 221 842 1035 
3481 608 609 607 1033 
3482 610 612 613 1041 
3483 553 785 219 1049 
3484 1002 980 1015 998 
3485 306 1085 1036 1101 
3486 787 552 784 1064 
3487 765 584 850 1041 
3488 217 1039 856 1096 
3489 262 316 291 1089 
3490 900 828 903 1091 
3491 212 822 1044 1097 
3492 858 894 577 1035 
3493 643 895 886 1049 
3494 1019 987 977 990 
3495 488 1055 1036 1101 
3496 620 618 624 1042 
3497 900 564 828 1047 
3498 704 877 708 1075 
3499 861 863 862 1042 
3500 623 889 616 1034 
3501 645 644 639 1044 
3502 211 210 824 1043 
3503 924 785 1049 1096 
3504 922 629 632 1039 
3505 1012 1001 172 1022 
3506 790 207 549 1040 
3507 213 212 551 1044 
3508 695 693 694 1094 
3509 482 1076 1029 1110 
3510 961 749 962 1068 
3511 569 848 847 1061 
3512 625 626 627 1049 
3513 789 788 791 1038 
3514 765 850 890 1041 
3515 868 207 1040 1107 
3516 550 209 788 1038 
3517 800 196 195 1045 
3518 589 179 774 1062 
3519 285 320 267 1029 
3520 621 620 622 1035 
3521 550 788 789 1038 
3522 623 851 889 1034 
3523 624 862 863 1042 
3524 626 628 627 1049 
3525 897 898 885 1039 
3526 831 848 958 1061 
3527 968 1031 177 1080 
3528 1071 1086 316 1089 
3529 636 716 634 1064 
3530 88 462 337 1078 
3531 895 896 886 1049 
3532 386 48 289 263 
3533 198 197 846 1051 
3534 200 199 809 1046 
3535 795 205 562 1053 
3536 551 212 822 1044 
3537 33 269 279 1087 
3538 668 673 670 1060 
3539 887 894 643 1035 
3540 791 790 792 1040 
3541 213 1044 551 1091 
3542 927 1044 573 1091 
3543 864 195 1045 1108 
3544 213 573 1044 1091 
3545 1001 977 172 1022 
3546 212 1044 871 1097 
3547 91 406 461 1077 
3548 568 844 917 1042 
3549 385 371 286 1071 
3550 33 350 34 1093 
3551 791 792 661 1040 
3552 615 616 617 1034 
3553 551 822 823 1044 
3554 620 619 618 1042 
3555 281 51 389 280 
3556 636 635 637 1047 
3557 928 646 649 1097 
3558 792 790 549 1040 
3559 921 625 627 1049 
3560 645 884 883 1044 
3561 825 824 826 1043 
3562 975 999 170 991 
3563 594 1062 178 1080 
3564 332 1026 1083 1098 
3565 923 716 1047 1064 
3566 60 419 61 1092 
3567 897 575 898 1039 
3568 204 548 1054 1100 
3569 567 214 215 1047 
3570 893 789 791 1038 
3571 484 483 466 1076 
3572 824 210 550 1043 
3573 884 823 883 1044 
3574 211 870 1043 1097 
3575 647 656 650 1043 
3576 656 825 826 1043 
3577 615 617 915 1034 
3578 475 470 492 1052 
3579 381 277 375 1030 
3580 211 1043 824 1097 
3581 713 771 609 1033 
3582 659 662 660 1053 
3583 668 670 669 1060 
3584 476 469 490 1048 
3585 497 89 464 1069 
3586 497 464 90 1069 
3587 895 576 896 1049 
3588 284 1036 306 1085 
3589 215 214 564 1047 
3590 217 575 856 1039 
3591 958 724 832 1063 
3592 457 1085 444 1101 
3593 664 675 666 1054 
3594 687 686 683 1045 
3595 199 556 809 1046 
3596 363 115 471 1072 
3597 824 550 826 1043 
3598 637 635 882 1047 
3599 955 1062 754 1080 
3600 163 522 27 1028 
3601 1006 981 176 1007 
3602 635 633 641 1064 
3603 718 926 638 1091 
3604 657 661 793 1040 
3605 664 666 665 1054 
3606 636 637 638 1047 
3607 879 673 668 1060 
3608 217 782 1039 1096 
3609 357 352 340 1078 
3610 647 650 648 1043 
3611 1009 1002 1008 176 
3612 556 198 846 1051 
3613 544 1059 192 1094 
3614 306 265 325 1101 
3615 732 735 777 1066 
3616 557 1053 206 1107 
3617 191 544 834 1059 
3618 409 353 358 1077 
3619 313 271 1048 1086 
3620 224 225 780 1041 
3621 621 622 625 1035 
3622 91 328 406 1092 
3623 329 88 337 1093 
3624 462 88 496 1078 
3625 1014 1000 174 1005 
3626 732 734 735 1066 
3627 414 537 540 1095 
3628 929 1043 870 1097 
3629 1017 1001 172 1012 
3630 943 546 838 1051 
3631 461 499 91 1077 
3632 651 652 653 1038 
3633 654 652 893 1038 
3634 582 167 166 1031 
3635 575 897 856 1039 
3636 832 831 958 1063 
3637 661 792 793 1040 
3638 899 564 900 1047 
3639 636 638 926 1047 
3640 840 940 571 1060 
3641 341 17 106 335 
3642 404 18 109 410 
3643 561 181 961 1068 
3644 1 1104 1025 1105 
3645 559 1050 194 1108 
3646 479 1081 367 1102 
3647 266 1052 319 1102 
3648 307 1030 284 1085 
3649 340 337 1078 1093 
3650 840 571 202 1060 
3651 796 795 562 1053 
3652 773 904 968 1080 
3653 409 1077 406 1092 
3654 527 518 344 1090 
3655 173 1022 1019 1005 
3656 656 826 827 1043 
3657 326 437 454 1032 
3658 659 674 662 1053 
3659 887 863 894 1035 
3660 660 662 663 1053 
3661 154 508 507 517 
3662 735 748 777 1066 
3663 836 196 197 1070 
3664 635 634 633 1064 
3665 858 219 576 1049 
3666 810 809 556 1046 
3667 665 666 667 1054 
3668 284 275 306 1036 
3669 321 319 266 1052 
3670 827 789 893 1038 
3671 505 506 152 1079 
3672 401 1084 1028 1099 
3673 833 829 830 1057 
3674 536 523 534 1090 
3675 477 113 364 1071 
3676 962 561 961 1068 
3677 577 894 863 1035 
3678 534 539 500 1090 
3679 485 427 1105 1110 
3680 394 477 364 1089 
3681 675 901 879 1054 
3682 832 959 730 1063 
3683 882 899 900 1047 
3684 662 674 797 1053 
3685 954 188 953 1075 
3686 675 879 666 1054 
3687 557 205 206 1053 
3688 520 164 530 1082 
3689 534 538 539 1090 
3690 832 724 959 1063 
3691 989 1014 979 1005 
3692 687 683 690 1045 
3693 582 935 167 1031 
3694 483 1029 482 1076 
3695 655 657 658 1040 
3696 644 645 646 1044 
3697 506 107 106 1079 
3698 698 878 711 1073 
3699 524 511 513 1088 
3700 866 200 201 1074 
3701 781 555 965 1041 
3702 1020 982 1000 175 
3703 31 3 33 349 
3704 505 152 513 1079 
3705 692 689 699 1050 
3706 601 603 600 1058 
3707 455 26 142 428 
3708 366 19 141 393 
3709 1006 176 1008 1007 
3710 706 705 704 1056 
3711 601 604 603 1058 
3712 644 646 928 1044 
3713 728 729 726 1057 
3714 857 203 580 1054 
3715 61 8 63 418 
3716 938 665 667 1054 
3717 656 827 650 1043 
3718 351 17 106 341 
3719 18 109 410 420 
3720 895 858 576 1049 
3721 444 325 80 438 
3722 660 663 937 1053 
3723 935 168 167 1031 
3724 195 545 800 1045 
3725 972 888 582 1080 
3726 859 563 860 1059 
3727 857 580 901 1054 
3728 339 334 351 1078 
3729 393 19 141 365 
3730 455 142 26 427 
3731 997 978 1018 988 
3732 667 668 669 1060 
3733 284 307 283 1030 
3734 166 165 909 1031 
3735 194 559 193 1050 
3736 648 651 930 1043 
3737 756 707 747 1075 
3738 609 608 610 1033 
3739 313 291 316 1089 
3740 979 1014 174 1005 
3741 12 331 330 143 
3742 400 146 21 399 
3743 995 982 1020 175 
3744 408 420 403 1077 
3745 750 751 738 1062 
3746 375 392 362 1087 
3747 569 847 186 1061 
3748 206 205 795 1053 
3749 3 454 434 1032 
3750 487 467 480 1087 
3751 814 685 679 1051 
3752 692 693 691 1050 
3753 600 603 592 1058 
3754 933 655 658 1040 
3755 652 827 893 1038 
3756 186 847 185 1061 
3757 524 513 157 533 
3758 878 892 711 1073 
3759 829 833 541 1057 
3760 511 507 153 1088 
3761 814 908 685 1051 
3762 402 504 146 1095 
3763 556 846 908 1051 
3764 306 1036 265 1101 
3765 283 277 381 1030 
3766 859 191 563 1059 
3767 950 691 693 1050 
3768 261 282 281 1055 
3769 326 454 309 1032 
3770 681 680 679 1051 
3771 740 671 676 1074 
3772 405 409 406 1092 
3773 340 336 337 1093 
3774 732 733 734 1066 
3775 106 1083 1026 1098 
3776 519 533 512 1079 
3777 471 490 477 1089 
3778 314 272 289 1072 
3779 676 677 678 1046 
3780 654 653 652 1038 
3781 513 512 533 1079 
3782 928 872 1044 1097 
3783 544 949 1059 1094 
3784 337 330 334 1078 
3785 729 728 731 1057 
3786 576 856 896 1096 
3787 811 809 810 1046 
3788 904 164 163 1031 
3789 59 1027 1103 1104 
3790 692 691 689 1050 
3791 684 811 810 1046 
3792 566 953 189 1075 
3793 406 403 399 1077 
3794 1027 1104 62 1105 
3795 674 796 797 1053 
3796 688 686 687 1045 
3797 641 898 899 1064 
3798 582 166 909 1031 
3799 204 548 203 1054 
3800 167 1083 1079 1109 
3801 685 681 679 1051 
3802 874 1047 926 1091 
3803 980 1002 176 996 
3804 1017 985 976 172 
3805 794 795 796 1053 
3806 676 678 944 1046 
3807 713 609 610 1033 
3808 752 738 751 1062 
3809 316 1071 315 1086 
3810 684 814 677 1046 
3811 710 709 722 1061 
3812 511 153 513 1088 
3813 648 650 651 1043 
3814 732 731 733 1066 
3815 450 31 434 1037 
3816 728 759 778 1057 
3817 589 178 179 1062 
3818 485 427 142 1105 
3819 141 365 484 1103 
3820 305 289 272 1072 
3821 808 193 578 1050 
3822 817 815 187 1056 
3823 956 833 830 1057 
3824 637 882 640 1047 
3825 503 146 504 1095 
3826 679 680 678 1051 
3827 794 796 674 1053 
3828 313 316 271 1086 
3829 934 1053 557 1107 
3830 202 201 821 1060 
3831 468 457 423 1101 
3832 183 184 829 1057 
3833 884 903 823 1044 
3834 1026 1078 106 1098 
3835 936 1054 548 1100 
3836 951 695 697 1059 
3837 706 708 709 1056 
3838 165 591 909 1031 
3839 40 276 384 374 
3840 728 778 731 1057 
3841 675 902 901 1054 
3842 629 922 630 1096 
3843 320 290 276 1081 
3844 722 881 880 1061 
3845 710 722 723 1061 
3846 964 177 1031 1080 
3847 192 544 191 1059 
3848 882 900 640 1047 
3849 688 947 686 1045 
3850 288 272 314 1048 
3851 825 822 824 1097 
3852 976 1003 984 1017 
3853 857 204 203 1054 
3854 817 717 815 1056 
3855 364 1071 385 1089 
3856 326 268 437 1032 
3857 977 987 1001 172 
3858 54 375 381 277 
3859 5 354 59 1104 
3860 534 523 538 1090 
3861 186 185 542 1061 
3862 984 1003 976 171 
3863 520 537 526 1095 
3864 753 598 888 1080 
3865 748 735 746 1066 
3866 225 555 780 1041 
3867 591 969 910 1080 
3868 483 1076 482 1110 
3869 5 378 380 1103 
3870 686 741 682 1070 
3871 422 482 458 1029 
3872 695 1059 742 1094 
3873 59 354 353 1092 
3874 355 35 352 1093 
3875 829 541 183 1057 
3876 903 551 823 1044 
3877 948 1050 559 1108 
3878 684 810 814 1046 
3879 881 542 880 1061 
3880 855 899 898 1064 
3881 718 1044 927 1091 
3882 757 758 733 1066 
3883 902 857 901 1054 
3884 165 164 591 1031 
3885 109 1028 1084 1099 
3886 760 558 183 1057 
3887 759 558 778 1057 
3888 192 191 859 1059 
3889 547 201 200 1074 
3890 700 860 878 1059 
3891 109 508 404 1084 
3892 687 690 805 1045 
3893 194 193 808 1050 
3894 545 801 800 1045 
3895 760 778 558 1057 
3896 215 855 216 1064 
3897 879 906 673 1060 
3898 729 730 726 1057 
3899 215 216 787 1064 
3900 808 578 807 1050 
3901 189 818 190 1073 
3902 562 205 204 1100 
3903 227 911 226 1033 
3904 767 604 607 1058 
3905 330 334 1078 1098 
3906 189 188 543 1075 
3907 549 207 206 1107 
3908 434 428 450 1037 
3909 488 468 1055 1101 
3910 649 1043 929 1097 
3911 436 422 458 1029 
3912 706 704 708 1056 
3913 31 33 3 1037 
3914 175 981 1006 993 
3915 708 717 709 1056 
3916 143 330 496 1098 
3917 742 1059 949 1094 
3918 334 351 1078 1098 
3919 702 698 711 1073 
3920 731 757 733 1066 
3921 109 1077 1028 1099 
3922 530 536 161 520 
3923 364 385 379 1089 
3924 523 536 160 530 
3925 451 431 423 1106 
3926 178 594 179 1062 
3927 982 994 995 1020 
3928 563 190 818 1073 
3929 709 881 722 1061 
3930 497 90 145 1069 
3931 89 497 144 1069 
3932 579 197 196 1070 
3933 460 435 445 1052 
3934 699 907 692 1050 
3935 483 494 482 1029 
3936 325 265 80 438 
3937 954 953 747 1075 
3938 399 1077 403 1099 
3939 1013 1020 1000 175 
3940 598 597 888 1080 
3941 761 815 717 1056 
3942 499 399 146 1099 
3943 303 279 269 1032 
3944 696 694 700 1059 
3945 755 598 750 1062 
3946 696 695 694 1059 
3947 280 265 306 1036 
3948 699 806 807 1050 
3949 968 163 27 1031 
3950 183 558 184 1057 
3951 403 1077 420 1099 
3952 472 480 493 1030 
3953 876 952 744 1073 
3954 1005 173 1022 1011 
3955 187 815 188 1056 
3956 701 744 697 1073 
3957 594 587 179 1062 
3958 683 681 803 1070 
3959 761 717 708 1056 
3960 506 512 152 1079 
3961 984 985 976 1017 
3962 749 541 974 1066 
3963 566 190 834 1073 
3964 672 670 812 1074 
3965 290 40 276 384 
3966 748 746 749 1066 
3967 771 905 769 1058 
3968 566 756 953 1075 
3969 696 697 695 1059 
3970 691 1050 743 1108 
3971 382 368 395 1036 
3972 321 290 320 1081 
3973 283 54 381 277 
3974 563 818 892 1073 
3975 143 496 88 1078 
3976 559 820 819 1050 
3977 381 375 397 1030 
3978 186 542 817 1061 
3979 755 595 598 1062 
3980 784 1039 920 1064 
3981 91 499 146 1077 
3982 690 801 805 1045 
3983 82 268 322 437 
3984 370 110 484 360 
3985 486 434 136 424 
3986 701 697 698 1073 
3987 182 181 581 1066 
3988 566 834 971 1073 
3989 574 853 852 1038 
3990 968 904 163 1031 
3991 581 758 757 1066 
3992 800 801 802 1045 
3993 395 376 382 1036 
3994 313 314 263 1048 
3995 611 771 769 1058 
3996 777 730 729 1057 
3997 891 859 860 1059 
3998 271 288 313 1048 
3999 881 817 542 1061 
4000 430 444 457 1085 
4001 700 878 696 1059 
4002 776 737 734 1068 
4003 466 1076 483 1110 
4004 922 1039 783 1096 
4005 672 671 670 1074 
4006 904 591 164 1031 
4007 720 665 1054 1100 
4008 726 959 723 1063 
4009 482 129 458 470 
4010 548 841 840 1054 
4011 479 483 111 396 
4012 892 816 711 1073 
4013 386 49 369 261 
4014 1 62 1104 1105 
4015 108 507 109 1088 
4016 804 802 803 1070 
4017 470 482 494 1029 
4018 426 447 433 1086 
4019 385 45 286 371 
4020 433 447 73 273 
4021 703 707 876 1075 
4022 145 146 503 1095 
4023 381 397 368 1030 
4024 813 811 812 1074 
4025 581 757 760 1066 
4026 447 441 74 1086 
4027 991 1016 999 247 
4028 980 1009 28 176 
4029 913 610 613 1041 
4030 852 853 932 1038 
4031 721 660 1053 1107 
4032 767 607 611 1058 
4033 569 187 954 1056 
4034 695 951 742 1059 
4035 176 175 981 1006 
4036 726 723 725 1063 
4037 875 710 724 1061 
4038 762 603 604 1058 
4039 31 3 434 1037 
4040 593 597 594 1080 
4041 699 807 907 1050 
4042 948 743 1050 1108 
4043 819 1050 820 1094 
4044 193 192 578 1094 
4045 756 747 953 1075 
4046 5 1103 1025 1104 
4047 630 924 1049 1096 
4048 472 397 117 480 
4049 478 481 135 459 
4050 813 547 811 1074 
4051 430 459 443 1085 
4052 798 557 799 1053 
4053 835 834 544 1059 
4054 1007 981 176 992 
4055 555 226 911 1033 
4056 422 482 1029 1110 
4057 478 468 488 1101 
4058 725 880 759 1063 
4059 118 372 487 1087 
4060 512 1079 506 1109 
4061 806 808 807 1050 
4062 88 495 143 1078 
4063 371 44 286 390 
4064 72 452 433 273 
4065 343 335 1083 1109 
4066 690 802 801 1045 
4067 982 1000 994 1020 
4068 1026 1090 143 1098 
4069 972 910 753 1080 
4070 994 1000 982 174 
4071 498 91 146 1077 
4072 594 595 587 1062 
4073 831 830 565 1063 
4074 363 369 115 1072 
4075 686 947 741 1045 
4076 818 816 892 1073 
4077 512 513 152 1079 
4078 523 164 165 1090 
4079 702 701 698 1073 
4080 489 474 488 1055 
4081 143 496 1078 1098 
4082 507 511 154 517 
4083 425 1048 476 1106 
4084 934 721 1053 1107 
4085 1002 1008 176 1007 
4086 489 488 468 1055 
4087 936 720 1054 1100 
4088 545 195 194 1108 
4089 444 443 81 1085 
4090 185 565 184 1063 
4091 876 744 701 1073 
4092 581 760 182 1066 
4093 319 321 292 1052 
4094 175 176 1008 1006 
4095 50 389 369 261 
4096 737 736 734 1068 
4097 1007 1006 981 993 
4098 276 310 320 1029 
4099 914 780 781 1041 
4100 980 1002 996 998 
4101 944 740 676 1046 
4102 566 189 190 1073 
4103 477 1071 364 1089 
4104 867 571 940 1060 
4105 804 579 802 1070 
4106 36 6 295 378 
4107 64 2 440 296 
4108 753 751 750 1062 
4109 202 821 580 1060 
4110 316 315 293 1086 
4111 955 773 589 1080 
4112 745 747 707 1056 
4113 177 968 27 1031 
4114 499 146 1077 1099 
4115 864 570 865 1045 
4116 828 551 903 1091 
4117 874 873 567 1047 
4118 762 604 767 1058 
4119 683 682 681 1070 
4120 888 599 935 1080 
4121 173 989 979 1005 
4122 380 58 6 297 
4123 86 2 298 442 
4124 700 891 860 1059 
4125 799 798 1053 1100 
4126 316 262 315 1071 
4127 429 460 445 1052 
4128 487 480 118 1087 
4129 1012 172 976 171 
4130 560 839 838 1046 
4131 535 503 540 1095 
4132 486 142 26 428 
4133 366 19 487 141 
4134 593 594 178 1080 
4135 304 438 265 1101 
4136 906 813 673 1060 
4137 777 973 730 1057 
4138 989 253 986 1014 
4139 655 933 719 1040 
4140 520 535 537 1095 
4141 930 649 648 1043 
4142 132 456 426 469 
4143 113 371 364 1071 
4144 431 78 323 451 
4145 873 1047 874 1091 
4146 476 132 456 425 
4147 471 114 363 394 
4148 880 779 759 1063 
4149 739 678 680 1051 
4150 710 723 724 1061 
4151 427 142 26 485 
4152 484 141 19 365 
4153 718 644 928 1044 
4154 1013 1020 175 1006 
4155 1019 987 990 251 
4156 326 309 279 1032 
4157 816 543 761 1075 
4158 110 483 484 360 
4159 136 481 486 424 
4160 185 184 779 1063 
4161 394 477 114 364 
4162 424 437 459 1032 
4163 291 313 263 1089 
4164 594 597 595 1062 
4165 146 1095 1028 1099 
4166 721 658 660 1107 
4167 228 588 227 1058 
4168 875 724 967 1061 
4169 868 572 869 1040 
4170 598 595 597 1062 
4171 691 950 743 1050 
4172 304 265 324 1101 
4173 776 758 596 1068 
4174 915 712 615 1034 
4175 74 293 447 1086 
4176 691 743 688 1108 
4177 992 243 176 996 
4178 989 990 173 237 
4179 985 987 235 172 
4180 175 995 241 993 
4181 239 986 994 174 
4182 171 233 984 983 
4183 170 231 991 988 
4184 561 180 181 1068 
4185 589 957 955 1062 
4186 816 761 877 1075 
4187 535 503 502 149 
4188 534 148 502 500 
4189 978 170 28 1023 
4190 665 938 720 1054 
4191 143 12 331 333 
4192 21 402 146 400 
4193 351 106 17 357 
4194 358 109 18 420 
4195 489 1072 1055 1106 
4196 574 870 854 1043 
4197 466 483 482 1110 
4198 170 171 1021 975 
4199 864 1045 865 1108 
4200 781 780 555 1041 
4201 118 480 362 1087 
4202 837 546 943 1051 
4203 865 570 946 1045 
4204 977 172 1022 173 
4205 992 1007 981 993 
4206 573 872 871 1044 
4207 957 589 774 1062 
4208 180 763 181 1068 
4209 560 942 839 1046 
4210 924 785 786 1049 
4211 835 544 949 1059 
4212 695 742 693 1094 
4213 569 954 966 1056 
4214 439 456 425 1048 
4215 949 742 835 1059 
4216 804 908 846 1051 
4217 321 266 290 1081 
4218 580 821 906 1060 
4219 720 663 665 1100 
4220 713 772 771 1033 
4221 948 820 559 1050 
4222 414 413 537 1095 
4223 964 1031 599 1080 
4224 721 660 937 1053 
4225 261 289 305 1072 
4226 42 383 266 1102 
4227 828 213 551 1091 
4228 349 329 336 1093 
4229 405 328 418 1092 
4230 951 835 742 1059 
4231 177 27 964 1031 
4232 576 218 856 1096 
4233 619 715 617 1042 
4234 343 525 348 1109 
4235 322 81 443 1085 
4236 632 920 922 1039 
4237 932 869 572 1040 
4238 412 531 401 1084 
4239 532 343 332 1083 
4240 118 362 372 1087 
4241 871 1044 872 1097 
4242 704 703 702 1075 
4243 475 492 491 1065 
4244 669 941 727 1060 
4245 611 769 768 1058 
4246 844 554 845 1034 
4247 727 667 669 1060 
4248 991 983 1016 247 
4249 352 340 1078 1093 
4250 359 398 373 1102 
4251 248 1016 984 983 
4252 491 492 473 1065 
4253 716 636 926 1047 
4254 869 868 1040 1107 
4255 946 741 865 1045 
4256 441 271 74 1086 
4257 804 685 908 1051 
4258 409 353 1077 1092 
4259 707 756 876 1075 
4260 763 596 758 1068 
4261 945 739 680 1051 
4262 256 995 1020 993 
4263 307 268 277 1030 
4264 611 768 767 1058 
4265 839 942 740 1046 
4266 773 178 589 1080 
4267 1019 1001 987 251 
4268 947 865 741 1045 
4269 519 156 512 533 
4270 916 588 228 1058 
4271 927 872 573 1044 
4272 509 1083 335 1109 
4273 822 211 824 1097 
4274 167 525 1083 1109 
4275 427 432 449 1110 
4276 929 854 870 1043 
4277 457 134 468 423 
4278 727 941 867 1060 
4279 553 786 785 1049 
4280 557 934 799 1053 
4281 282 304 324 1055 
4282 511 524 513 157 
4283 714 919 621 1035 
4284 839 740 944 1046 
4285 783 552 782 1039 
4286 651 653 931 1038 
4287 820 948 743 1050 
4288 906 821 813 1060 
4289 754 955 957 1062 
4290 567 923 874 1047 
4291 347 337 10 462 
4292 416 461 9 406 
4293 361 395 116 474 
4294 388 372 34 1111 
4295 548 936 841 1054 
4296 917 843 568 1042 
4297 294 42 266 1102 
4298 294 373 42 1102 
4299 945 837 739 1051 
4300 129 429 458 470 
4301 396 111 479 367 
4302 868 206 207 1107 
4303 719 932 853 1038 
4304 174 173 1005 1011 
4305 598 753 750 1062 
4306 88 1078 337 1093 
4307 704 702 877 1075 
4308 954 187 188 1056 
4309 719 869 932 1040 
4310 421 460 130 475 
4311 320 310 267 1029 
4312 820 743 950 1050 
4313 91 406 1077 1092 
4314 88 143 495 496 
4315 91 499 498 146 
4316 627 630 921 1049 
4317 204 205 798 1100 
4318 961 181 182 1066 
4319 964 27 169 1031 
4320 727 867 940 1060 
4321 473 112 359 398 
4322 749 961 541 1066 
4323 820 1050 950 1094 
4324 1005 1013 174 1011 
4325 984 1003 1016 248 
4326 288 314 313 1048 
4327 933 869 719 1040 
4328 714 621 625 1035 
4329 845 554 914 1034 
4330 229 28 970 1067 
4331 960 746 736 1068 
4332 649 854 929 1043 
4333 712 914 781 1041 
4334 930 854 649 1043 
4335 59 1103 5 1104 
4336 918 842 843 1035 
4337 958 848 967 1061 
4338 927 718 872 1044 
4339 783 1039 782 1096 
4340 1020 1006 256 993 
4341 430 478 135 459 
4342 117 368 397 472 
4343 864 194 195 1108 
4344 10 88 462 337 
4345 91 9 461 406 
4346 928 872 718 1044 
4347 936 720 841 1054 
4348 414 402 413 1095 
4349 938 841 720 1054 
4350 159 523 527 538 
4351 515 529 524 158 
4352 928 649 872 1097 
4353 773 968 177 1080 
4354 739 837 943 1051 
4355 799 934 721 1053 
4356 150 504 540 503 
4357 539 147 500 501 
4358 619 919 715 1042 
4359 343 1083 525 1109 
4360 383 42 373 1102 
4361 430 134 478 457 
4362 116 395 368 472 
4363 513 512 156 533 
4364 935 599 168 1031 
4365 952 566 971 1073 
4366 799 721 937 1053 
4367 718 874 926 1091 
4368 555 911 965 1033 
4369 444 81 325 1085 
4370 1013 174 1000 1005 
4371 407 124 531 401 
4372 532 332 98 338 
4373 865 1045 947 1108 
4374 160 536 523 534 
4375 106 335 509 1083 
4376 343 348 335 1109 
4377 536 535 161 520 
4378 441 426 456 1086 
4379 972 753 888 1080 
4380 324 281 282 1055 
4381 973 956 730 1057 
4382 974 748 749 1066 
4383 961 182 541 1066 
4384 338 98 532 518 
4385 407 124 522 531 
4386 831 832 830 1063 
4387 866 867 942 1074 
4388 35 380 388 1111 
4389 130 460 429 470 
4390 398 479 112 367 
4391 193 819 192 1094 
4392 379 377 394 1089 
4393 599 169 168 1031 
4394 525 528 348 1109 
4395 926 874 716 1047 
4396 946 836 837 1070 
4397 916 770 588 1058 
4398 175 1008 1013 1006 
4399 904 773 969 1080 
4400 35 34 1093 1111 
4401 524 533 168 1088 
4402 671 740 941 1074 
4403 923 716 874 1047 
4404 905 588 770 1058 
4405 4 269 33 1087 
4406 167 1079 519 1109 
4407 537 162 520 526 
4408 869 1040 933 1107 
4409 61 278 270 1076 
4410 754 752 751 1062 
4411 189 953 188 1075 
4412 271 293 74 1086 
4413 923 787 784 1064 
4414 432 422 453 1110 
4415 78 304 282 451 
4416 286 315 262 1071 
4417 356 107 108 1069 
4418 799 1053 937 1100 
4419 217 856 218 1096 
4420 287 317 318 1065 
4421 317 264 318 1065 
4422 525 348 96 343 
4423 229 963 28 1067 
4424 274 319 292 1052 
4425 204 798 548 1100 
4426 254 994 986 1014 
4427 741 945 682 1070 
4428 412 521 531 1084 
4429 532 525 343 1083 
4430 105 409 358 408 
4431 103 339 357 340 
4432 964 593 177 1080 
4433 939 175 605 1067 
4434 383 367 1081 1102 
4435 260 1015 30 1004 
4436 365 378 387 1103 
4437 427 449 440 1105 
4438 148 502 536 534 
4439 502 536 535 149 
4440 743 947 688 1108 
4441 994 255 995 1020 
4442 770 769 905 1058 
4443 35 388 302 1111 
4444 920 783 922 1039 
4445 742 950 693 1094 
4446 322 325 81 1085 
4447 971 744 952 1073 
4448 163 1082 520 1095 
4449 343 335 341 1083 
4450 412 410 404 1084 
4451 521 412 122 417 
4452 658 721 933 1107 
4453 330 331 334 1098 
4454 924 786 630 1049 
4455 960 962 746 1068 
4456 393 380 378 1103 
4457 442 455 440 1105 
4458 311 392 269 1087 
4459 956 973 833 1057 
4460 518 527 523 1090 
4461 118 372 366 487 
4462 136 434 486 428 
4463 334 342 351 1098 
4464 989 253 1014 1005 
4465 365 110 484 370 
4466 259 1002 1015 998 
4467 399 403 400 1099 
4468 372 388 366 1111 
4469 714 843 919 1035 
4470 10 88 337 329 
4471 91 9 406 328 
4472 434 454 424 1032 
4473 396 384 367 1081 
4474 438 457 444 1101 
4475 544 192 819 1094 
4476 366 388 380 1111 
4477 212 211 822 1097 
4478 411 403 420 1099 
4479 873 927 573 1091 
4480 724 958 967 1061 
4481 418 328 63 1092 
4482 349 31 329 1093 
4483 437 83 326 454 
4484 168 533 519 1079 
4485 213 873 573 1091 
4486 754 957 752 1062 
4487 868 557 206 1107 
4488 528 348 96 525 
4489 599 597 593 1080 
4490 312 270 391 1076 
4491 512 506 151 1109 
4492 272 77 323 448 
4493 784 552 783 1039 
4494 990 1019 252 989 
4495 630 786 921 1049 
4496 159 534 523 538 
4497 524 511 515 158 
4498 146 499 21 399 
4499 143 330 12 496 
4500 720 937 663 1100 
4501 559 194 864 1108 
4502 599 888 597 1080 
4503 280 306 275 1036 
4504 828 214 213 1091 
4505 1103 1104 1027 1105 
4506 29 28 260 978 
4507 29 28 980 260 
4508 741 837 945 1070 
4509 384 383 367 1081 
4510 1025 1104 1103 1105 
4511 923 784 716 1064 
4512 712 913 613 1041 
4513 326 279 303 1032 
4514 740 867 941 1074 
4515 326 303 268 1032 
4516 250 987 985 1017 
4517 339 337 334 1078 
4518 249 985 984 1017 
4519 217 218 782 1096 
4520 370 7 391 1076 
4521 964 599 593 1080 
4522 529 521 122 417 
4523 406 408 403 1077 
4524 531 412 123 521 
4525 532 525 97 343 
4526 740 942 867 1074 
4527 741 946 837 1070 
4528 540 537 535 1095 
4529 518 523 165 1090 
4530 451 79 304 438 
4531 927 874 718 1091 
4532 537 162 535 520 
4533 451 423 438 1101 
4534 173 585 925 1067 
4535 918 843 714 1035 
4536 328 405 9 406 
4537 329 337 10 336 
4538 962 775 561 1068 
4539 964 169 599 1031 
4540 516 528 155 1109 
4541 468 489 1055 1106 
4542 512 151 514 1109 
4543 929 872 649 1097 
4544 939 585 174 1067 
4545 155 528 519 1109 
4546 211 871 870 1097 
4547 871 929 870 1097 
4548 1017 250 987 1001 
4549 1003 249 984 1017 
4550 962 960 775 1068 
4551 4 372 392 1087 
4552 873 213 214 1091 
4553 994 254 1000 1014 
4554 212 871 211 1097 
4555 404 109 18 508 
4556 167 519 525 1109 
4557 520 163 164 1082 
4558 145 90 497 498 
4559 144 89 495 497 
4560 346 509 335 1109 
4561 798 936 548 1100 
4562 531 123 412 401 
4563 97 332 532 343 
4564 243 980 176 996 
4565 33 4 34 350 
4566 977 235 987 172 
4567 173 989 237 979 
4568 982 995 241 175 
4569 977 173 990 237 
4570 982 239 994 174 
4571 981 175 241 993 
4572 174 239 986 979 
4573 976 233 984 171 
4574 235 976 985 172 
4575 60 7 61 419 
4576 605 176 963 1067 
4577 231 170 978 988 
4578 170 231 975 991 
4579 975 233 171 983 
4580 243 176 981 992 
4581 590 172 925 1067 
4582 519 1079 512 1109 
4583 544 819 949 1094 
4584 427 485 128 1110 
4585 177 593 178 1080 
4586 144 497 145 1069 
4587 526 537 413 1095 
4588 927 873 874 1091 
4589 719 931 653 1038 
4590 509 506 106 1109 
4591 910 969 754 1080 
4592 525 166 167 1083 
4593 284 325 322 1085 
4594 773 177 178 1080 
4595 505 507 108 1088 
4596 505 107 506 1079 
4597 2 1 298 442 
4598 218 785 782 1096 
4599 30 997 260 1004 
4600 784 783 920 1039 
4601 1004 245 997 1018 
4602 346 335 348 1109 
4603 712 781 913 1041 
4604 929 871 872 1097 
4605 346 514 509 1109 
4606 912 970 170 1067 
4607 312 391 7 1076 
4608 522 413 407 1095 
4609 924 782 785 1096 
4610 174 173 979 1005 
4611 912 171 590 1067 
4612 326 268 83 437 
4613 350 349 336 1093 
4614 418 419 405 1092 
4615 868 934 557 1107 
4616 992 1007 258 996 
4617 255 994 1000 1020 
4618 322 307 284 1085 
4619 1007 992 257 993 
4620 129 458 422 482 
4621 360 111 483 396 
4622 270 7 61 1076 
4623 363 386 369 1072 
4624 955 754 969 1080 
4625 966 954 747 1056 
4626 924 783 782 1096 
4627 311 4 392 1087 
4628 259 996 1002 998 
4629 133 468 423 1106 
4630 2 1 442 440 
4631 605 175 176 1067 
4632 34 302 388 1111 
4633 509 106 1083 1109 
4634 634 716 920 1064 
4635 453 436 67 327 
4636 948 559 864 1108 
4637 719 853 931 1038 
4638 117 397 362 480 
4639 424 135 481 459 
4640 2 1 440 296 
4641 1007 1002 258 996 
4642 79 265 304 438 
4643 277 283 307 1030 
4644 355 352 106 1078 
4645 437 424 454 1032 
4646 20 499 140 461 
4647 137 11 462 496 
4648 353 354 109 1077 
4649 327 436 67 267 
4650 284 306 325 1085 
4651 998 29 980 260 
4652 35 302 34 1111 
4653 525 532 166 1083 
4654 745 966 747 1056 
4655 453 66 8 308 
4656 364 371 385 1071 
4657 1019 252 989 1005 
4658 260 997 29 978 
4659 257 1006 1007 993 
4660 147 500 534 539 
4661 503 540 150 535 
4662 332 343 341 1083 
4663 401 410 412 1084 
4664 294 266 319 1102 
4665 167 168 519 1079 
4666 17 339 351 357 
4667 408 358 18 420 
4668 446 69 68 285 
4669 309 84 3 454 
4670 352 357 106 1078 
4671 109 358 353 1077 
4672 301 86 32 450 
4673 388 58 35 302 
4674 383 398 367 1102 
4675 174 175 939 1067 
4676 299 36 59 387 
4677 449 64 62 300 
4678 172 173 925 1067 
4679 346 348 514 1109 
4680 742 820 950 1094 
4681 290 41 40 384 
4682 52 53 382 275 
4683 70 69 445 292 
4684 135 134 478 430 
4685 429 129 130 470 
4686 368 117 116 472 
4687 111 112 479 367 
4688 440 64 62 449 
4689 378 59 36 387 
4690 170 970 28 1067 
4691 965 911 772 1033 
4692 333 143 12 501 
4693 504 21 402 146 
4694 266 42 41 383 
4695 516 155 512 1109 
4696 53 54 381 283 
4697 155 519 512 1109 
4698 716 784 920 1064 
4699 743 865 947 1108 
4700 357 352 103 340 
4701 358 409 105 353 
4702 75 74 441 271 
4703 291 47 46 379 
4704 288 75 76 439 
4705 440 62 64 296 
4706 295 59 36 378 
4707 436 68 67 267 
4708 388 35 58 380 
4709 450 86 32 442 
4710 28 963 176 1067 
4711 71 70 435 274 
4712 402 407 413 1095 
4713 346 16 101 509 
4714 531 521 27 1084 
4715 31 85 450 434 
4716 372 34 57 388 
4717 60 37 387 370 
4718 63 65 432 449 
4719 377 47 48 263 
4720 152 151 512 506 
4721 298 32 86 442 
4722 380 35 58 297 
4723 174 585 173 1067 
4724 965 772 713 1033 
4725 63 65 8 432 
4726 37 60 7 370 
4727 311 269 4 1087 
4728 85 31 3 434 
4729 34 57 4 372 
4730 294 43 42 373 
4731 427 128 432 1110 
4732 394 364 379 1089 
4733 426 441 447 1086 
4734 380 6 5 297 
4735 955 969 773 1080 
4736 519 528 525 1109 
4737 170 171 912 1067 
4738 139 138 464 497 
4739 140 139 465 498 
4740 138 137 463 495 
4741 431 323 77 448 
4742 342 331 338 1098 
4743 1018 245 997 988 
4744 721 869 933 1107 
4745 151 509 514 1109 
4746 506 509 151 1109 
4747 400 411 407 1099 
4748 346 514 151 509 
4749 391 360 370 1076 
4750 83 309 326 454 
4751 448 425 431 1106 
4752 509 106 17 335 
4753 127 404 508 415 
4754 419 104 409 1092 
4755 350 340 102 1093 
4756 590 171 172 1067 
4757 720 799 937 1100 
4758 380 5 6 378 
4759 348 516 514 1109 
4760 128 482 422 1110 
4761 16 346 514 151 
4762 51 52 376 280 
4763 432 128 422 1110 
4764 521 169 27 1084 
4765 79 80 265 438 
4766 513 152 505 153 
4767 144 500 143 1090 
4768 425 476 133 1106 
4769 168 169 524 1088 
4770 462 93 347 496 
4771 461 119 499 416 
4772 295 6 5 378 
4773 949 819 820 1094 
4774 522 163 520 1095 
4775 438 423 457 1101 
4776 348 528 516 1109 
4777 74 73 447 293 
4778 46 45 262 385 
4779 45 44 286 371 
4780 433 73 72 273 
4781 399 499 119 416 
4782 330 347 93 496 
4783 369 49 50 261 
4784 413 522 526 1095 
4785 264 44 43 390 
4786 72 71 452 287 
4787 344 95 538 345 
4788 413 121 414 537 
4789 515 529 24 417 
4790 350 336 340 1093 
4791 419 409 405 1092 
4792 949 820 742 1094 
4793 510 127 508 415 
4794 538 527 14 344 
4795 537 413 23 526 
4796 948 864 865 1108 
4797 268 82 83 437 
4798 50 51 389 281 
4799 386 48 49 289 
4800 468 133 476 1106 
4801 331 342 334 1098 
4802 133 423 431 1106 
4803 1003 984 249 248 
4804 1001 250 987 251 
4805 998 1015 30 260 
4806 329 92 31 349 
4807 418 87 63 328 
4808 272 76 77 448 
4809 948 865 743 1108 
4810 524 511 158 157 
4811 523 160 534 159 
4812 799 936 798 1100 
4813 403 411 400 1099 
4814 526 522 520 1095 
4815 443 444 430 1085 
4816 67 453 327 308 
4817 869 934 868 1107 
4818 453 8 66 432 
4819 370 7 38 391 
4820 392 4 56 372 
4821 434 3 84 454 
4822 161 535 162 520 
4823 63 91 62 1092 
4824 88 31 32 1093 
4825 18 127 404 508 
4826 869 721 934 1107 
4827 425 133 431 1106 
4828 990 987 977 236 
4829 984 985 234 976 
4830 995 240 994 982 
4831 293 271 316 1086 
4832 242 992 981 993 
4833 986 238 989 979 
4834 975 983 991 232 
4835 312 7 270 1076 
4836 517 515 126 415 
4837 128 485 482 1110 
4838 799 720 936 1100 
4839 997 30 245 1004 
4840 419 60 104 1092 
4841 350 102 34 1093 
4842 1006 257 256 993 
4843 59 353 60 1092 
4844 34 352 35 1093 
4845 427 440 455 1105 
4846 378 365 393 1103 
4847 347 11 93 462 
4848 461 20 119 416 
4849 299 37 36 387 
4850 373 398 383 1102 
4851 85 86 301 450 
4852 57 58 388 302 
4853 90 139 497 498 
4854 138 495 89 497 
4855 413 23 121 537 
4856 14 95 538 344 
4857 449 65 64 300 
4858 132 426 131 469 
4859 522 413 124 407 
4860 276 40 39 374 
4861 54 55 375 277 
4862 363 115 114 471 
4863 476 132 425 133 
4864 476 489 468 1106 
4865 113 114 477 364 
4866 516 348 15 528 
4867 133 468 134 423 
4868 415 515 126 417 
4869 518 338 98 344 
4870 255 994 254 1000 
4871 154 511 507 153 
4872 130 131 421 475 
4873 112 113 473 359 
4874 1002 258 996 259 
4875 361 116 115 474 
4876 414 504 120 402 
4877 345 333 94 501 
4878 348 100 346 514 
4879 253 989 252 1005 
4880 16 346 151 509 
4881 87 418 405 328 
4882 349 329 92 336 
4883 509 101 346 335 
4884 31 92 3 349 
4885 87 63 8 418 
4886 525 96 97 343 
4887 527 99 14 344 
4888 125 23 413 526 
4889 392 372 362 1087 
4890 121 540 414 537 
4891 95 538 345 539 
4892 413 124 125 522 
4893 412 122 123 521 
4894 352 102 103 340 
4895 409 104 105 353 
4896 529 122 24 417 
4897 312 38 7 391 
4898 56 4 392 311 
4899 348 96 15 528 
4900 98 99 518 344 
4901 100 348 516 514 
4902 536 502 148 149 
4903 78 79 304 451 
4904 999 246 991 247 
4905 1 62 90 1104 
4906 495 137 88 496 
4907 498 499 91 140 
4908 65 66 8 432 
4909 38 37 7 370 
4910 24 126 515 417 
4911 57 56 4 372 
4912 84 85 3 434 
4913 526 413 125 522 
4914 60 37 299 387 
4915 301 31 85 450 
4916 388 34 57 302 
4917 449 63 65 300 
4918 527 518 99 344 
4919 453 67 66 308 
4920 259 1015 30 998 
4921 512 514 516 1109 
4922 119 21 499 399 
4923 330 93 12 496 
4924 466 482 485 1110 
4925 17 101 509 335 
4926 504 21 120 402 
4927 12 94 333 501 
4928 157 513 156 533 
4929 512 155 156 519 
4930 498 90 139 465 
4931 497 139 90 464 
4932 495 89 463 138 
4933 497 89 138 464 
4934 140 91 498 465 
4935 88 463 137 495 
4936 245 1018 246 988 
4937 309 83 84 454 
4938 486 26 136 428 
4939 366 19 118 487 
4940 323 77 78 431 
4941 484 19 110 365 
4942 128 427 26 485 
4943 483 110 111 360 
4944 422 128 129 482 
4945 118 117 362 480 
4946 135 481 136 424 
4947 25 510 517 415 
4948 983 248 1016 247 
4949 322 81 82 443 
4950 980 996 244 998 
4951 348 15 100 516 
4952 1020 255 995 256 
4953 325 80 81 444 
4954 510 25 127 415 
4955 978 997 230 988 
4956 510 154 25 517 
4957 244 29 980 998 
4958 997 230 29 978 
4959 254 986 253 1014 
4960 531 124 123 401 
4961 98 97 332 532 
4962 504 120 22 414 
4963 345 94 13 501 
4964 155 516 15 528 
4965 24 529 515 158 
4966 517 126 25 415 
4967 990 252 1019 251 
4968 140 499 91 461 
4969 137 462 88 496 
4970 996 243 980 244 
4971 987 235 977 236 
4972 236 977 990 237 
4973 238 237 989 979 
4974 240 995 241 982 
4975 239 994 240 982 
4976 976 985 234 235 
4977 242 981 241 993 
4978 984 234 233 976 
4979 238 986 239 979 
4980 231 978 230 988 
4981 991 231 975 232 
4982 983 975 233 232 
4983 992 981 243 242 
4984 102 34 4 350 
4985 60 104 7 419 
4986 161 160 536 530 
4987 499 20 119 461 
4988 11 93 462 496 
4989 63 328 91 1092 
4990 88 329 31 1093 
4991 985 249 250 1017 
4992 500 534 148 147 
4993 150 503 535 149 
4994 540 504 22 414 
4995 539 345 13 501 
4996 100 16 346 514 
4997 162 537 23 526 
4998 159 527 14 538 
4999 540 22 504 150 
5000 13 147 539 501 
5001 540 22 121 414 
5002 345 13 95 539 
5003 992 258 1007 257 
5004 39 38 312 391 
5005 392 55 56 311 
5006 339 17 103 357 
5007 18 105 358 408 
5008 405 9 87 328 
5009 10 92 329 336 
5010 347 10 11 462 
5011 461 9 20 416 
5012 1085 1032 493 459 
5013 1085 493 1032 1030 
5014 1086 1065 273 433 
5015 1086 273 1065 1071 
5016 1041 602 766 765 
5017 1041 766 602 1033 
5018 1104 1 356 90 
5019 1078 144 143 1026 
5020 1078 143 144 495 
5021 1058 585 767 762 
5022 1058 767 585 768 
5023 1077 145 146 498 
5024 1077 146 145 1028 
5025 1092 90 59 354 
5026 1092 59 90 62 
5027 1093 89 35 32 
5028 1093 35 89 355 
5029 999 988 246 1018 
5030 246 988 999 991 
5031 1066 778 731 757 
5032 1066 731 778 1057 
5033 1 32 1104 89 
5034 1 1104 32 1025 
5035 1104 32 5 89 
5036 1104 5 32 1025 
5037 5 32 35 89 
5038 5 35 32 1025 
5039 714 1049 625 921 
5040 625 1049 714 1035 
5041 89 1104 356 5 
5042 356 1104 89 1 
5043 1042 845 844 917 
5044 1042 844 845 1034 
5045 1111 1103 35 380 
5046 1111 35 1103 1025 
5047 5 35 1103 380 
5048 5 1103 35 1025 
5049 521 1088 529 524 
5050 529 1088 521 1084 
5051 1072 361 115 474 
5052 1072 115 361 369 
5053 1058 911 772 588 
5054 1058 772 911 1033 
5055 1080 751 754 910 
5056 1080 754 751 1062 
5057 359 1071 113 473 
5058 113 1071 359 371 
5059 515 524 1088 511 
5060 515 1088 524 529 
5061 1102 318 264 1065 
5062 1102 264 318 294 
5063 390 294 1102 373 
5064 390 1102 294 264 
5065 277 1087 1032 269 
5066 1032 1087 277 1030 
5067 1081 470 492 494 
5068 1081 492 470 1052 
5069 435 287 71 274 
5070 71 287 435 452 
5071 280 389 1055 376 
5072 280 1055 389 281 
5073 1032 277 268 1030 
5074 1032 268 277 303 
5075 1068 749 746 1066 
5076 1068 746 749 962 
5077 1020 993 175 1006 
5078 175 993 1020 995 
5079 1101 1106 451 423 
5080 451 1106 1101 1055 
5081 507 517 515 511 
5082 515 517 507 508 
5083 515 1088 507 511 
5084 507 1088 515 508 
5085 322 437 1085 443 
5086 1085 437 322 268 
5087 89 90 356 1 
5088 89 356 90 1069 
5089 55 375 311 392 
5090 55 311 375 277 
5091 269 311 375 392 
5092 269 375 311 277 
5093 270 374 312 391 
5094 270 312 374 276 
5095 39 312 374 391 
5096 39 374 312 276 
5097 1000 175 174 1013 
5098 174 175 1000 982 
5099 490 1071 491 477 
5100 490 489 1048 471 
5101 490 1048 489 476 
5102 1072 1048 489 471 
5103 714 786 1049 921 
5104 1049 786 714 918 
5105 715 843 1042 919 
5106 715 1042 843 917 
5107 845 712 1034 914 
5108 845 1034 712 915 
5109 1092 104 353 60 
5110 1092 353 104 409 
5111 1093 102 352 340 
5112 1093 352 102 34 
5113 630 783 1096 922 
5114 630 1096 783 924 
5115 1086 491 490 1071 
5116 1086 490 491 469 
5117 1048 489 1106 1072 
5118 1048 1106 489 476 
$EndElements
